,GridCurrent,GridVoltage,GridVoltageVariation,Impedance,NeutralCurrent,PowerFactor,TimeStamp
0,-5.4,246.1,-1.1,0.0,5.3,0.99,2019-10-04 10:00:21
1,-5.4,245.8,0.8,0.0,5.3,0.99,2019-10-04 10:01:21
2,-5.5,245.5,1.1,0.0,5.4,-0.99,2019-10-04 10:02:22
3,-4.9,245.9,-1.4,0.0,4.8,-0.99,2019-10-04 10:03:21
4,-5.0,245.9,-1.4,0.0,4.9,-0.99,2019-10-04 10:04:21
5,-5.0,246.0,-1.5,0.0,4.9,-0.99,2019-10-04 10:05:21
6,-5.0,246.3,0.5,0.0,4.9,-0.99,2019-10-04 10:06:21
7,-5.0,246.3,-1.8,0.0,4.9,-0.99,2019-10-04 10:07:22
8,-5.0,246.6,-1.6,0.0,4.9,-0.99,2019-10-04 10:08:21
9,-5.0,246.0,1.0,0.0,4.9,-0.99,2019-10-04 10:09:22
10,-5.0,245.7,1.3,0.0,4.9,-0.99,2019-10-04 10:10:22
11,-5.0,245.2,1.1,0.0,4.9,-0.99,2019-10-04 10:11:21
12,-5.0,245.7,-1.2,0.0,4.9,-0.99,2019-10-04 10:12:21
13,-5.0,246.3,-1.8,0.0,4.9,-0.99,2019-10-04 10:13:22
14,-5.0,246.2,-2.0,0.0,4.9,-0.99,2019-10-04 10:14:22
15,-5.0,245.9,-1.6,0.0,5.0,-0.99,2019-10-04 10:15:21
16,-5.0,245.7,1.1,0.0,4.9,-0.99,2019-10-04 10:16:21
17,-5.1,243.6,3.1,0.0,5.0,-0.99,2019-10-04 10:17:21
18,-5.0,245.4,-1.7,0.0,5.0,-0.99,2019-10-04 10:18:21
19,-5.0,245.2,1.8,0.0,5.0,-0.99,2019-10-04 10:19:21
20,-5.1,244.6,1.0,0.0,5.0,-0.99,2019-10-04 10:20:21
21,-5.1,244.2,2.2,0.0,5.0,-0.99,2019-10-04 10:21:21
22,-5.0,246.6,-3.0,0.0,4.9,-0.99,2019-10-04 10:22:22
23,-5.1,244.9,1.8,0.0,5.0,-0.99,2019-10-04 10:23:22
24,-5.1,245.5,1.0,0.0,5.0,-0.99,2019-10-04 10:24:21
25,-5.1,245.1,2.0,0.0,5.0,-0.99,2019-10-04 10:25:22
26,-5.1,245.0,1.8,0.0,5.1,-0.99,2019-10-04 10:26:21
27,-5.1,245.1,1.0,0.0,5.1,-0.99,2019-10-04 10:27:22
28,-5.1,245.4,0.7,0.0,5.1,-0.99,2019-10-04 10:28:22
29,-5.1,245.3,1.0,0.0,5.0,-0.99,2019-10-04 10:29:21
30,-5.1,246.2,-2.0,0.0,5.0,-0.99,2019-10-04 10:30:22
31,-5.6,246.1,-1.6,0.0,5.5,-0.99,2019-10-04 10:31:21
32,-5.6,244.8,1.6,0.0,5.5,0.99,2019-10-04 10:32:21
33,-5.6,246.2,-1.5,0.0,5.5,-0.99,2019-10-04 10:33:22
34,-5.6,245.9,-1.4,0.0,5.5,0.99,2019-10-04 10:34:21
35,3.5,243.6,2.8,0.0,3.5,0.99,2019-10-04 10:35:22
36,3.7,243.8,1.0,0.0,3.7,0.99,2019-10-04 10:36:22
37,-5.6,245.8,-2.6,0.0,5.5,0.99,2019-10-04 10:37:22
38,-5.5,244.9,1.5,0.0,5.5,-0.99,2019-10-04 10:38:22
39,-5.6,245.2,1.1,0.0,5.6,0.99,2019-10-04 10:39:22
40,-5.6,245.7,1.0,0.0,5.5,-0.99,2019-10-04 10:40:21
41,-5.6,246.3,-1.6,0.0,5.5,0.99,2019-10-04 10:41:21
42,-5.6,247.1,1.0,0.0,5.5,-0.99,2019-10-04 10:42:21
43,-5.3,246.6,1.0,0.0,5.2,-0.67,2019-10-04 10:43:23
44,-5.6,246.6,-2.1,0.0,5.5,-0.99,2019-10-04 10:44:21
45,-5.5,246.2,1.5,0.0,5.4,-0.99,2019-10-04 10:45:21
46,-5.6,246.2,1.2,0.0,5.5,-0.99,2019-10-04 10:46:21
47,-5.6,247.0,-1.1,0.0,5.5,-0.99,2019-10-04 10:47:22
48,-5.6,246.4,1.0,0.0,5.5,0.99,2019-10-04 10:48:21
49,-5.1,246.6,-1.1,0.0,5.0,-0.99,2019-10-04 10:51:21
50,-5.2,246.4,0.5,0.0,5.0,-0.98,2019-10-04 10:52:21
51,-5.2,246.3,0.8,0.0,5.0,-0.99,2019-10-04 10:53:22
52,-5.1,247.3,-1.3,0.0,5.0,-0.99,2019-10-04 10:54:22
53,-5.2,245.4,2.0,0.0,5.1,-0.98,2019-10-04 10:55:22
54,-5.2,245.4,1.0,0.0,5.1,-0.98,2019-10-04 10:56:21
55,-5.2,246.0,-1.1,0.0,5.1,-0.99,2019-10-04 10:57:22
56,-5.2,245.8,1.1,0.0,5.0,-0.99,2019-10-04 10:58:21
57,-5.2,245.9,1.0,0.0,5.1,-0.99,2019-10-04 10:59:22
58,-5.2,245.6,1.1,0.0,5.1,-0.99,2019-10-04 11:00:21
59,-5.2,245.8,0.8,0.0,5.0,-0.99,2019-10-04 11:01:22
60,-5.2,246.1,1.6,0.0,5.0,-0.99,2019-10-04 11:02:22
61,-5.2,246.5,-1.0,0.0,5.1,-0.99,2019-10-04 11:03:22
62,-5.2,246.6,0.3,0.0,5.1,-0.99,2019-10-04 11:04:22
63,-5.2,245.2,1.8,0.0,5.1,-0.99,2019-10-04 11:05:21
64,-5.2,245.3,0.6,0.0,5.1,-0.99,2019-10-04 11:06:22
65,-5.2,244.8,1.3,0.0,5.1,-0.99,2019-10-04 11:07:22
66,-5.2,245.7,0.8,0.0,5.0,-0.99,2019-10-04 11:08:22
67,-5.3,246.2,1.0,0.0,5.2,-0.99,2019-10-04 11:09:21
68,-5.3,246.0,-1.0,0.0,5.2,-0.98,2019-10-04 11:10:21
69,-5.3,245.9,0.8,0.0,5.1,-0.98,2019-10-04 11:11:21
70,-5.3,245.6,1.1,0.0,5.1,-0.99,2019-10-04 11:12:22
71,-5.3,245.2,1.0,0.0,5.2,-0.99,2019-10-04 11:13:21
72,-5.2,244.9,1.1,0.0,5.1,-0.99,2019-10-04 11:14:21
73,-5.2,245.8,-1.1,0.0,5.0,-0.99,2019-10-04 11:15:21
74,-5.2,245.6,0.6,0.0,5.0,-0.99,2019-10-04 11:16:21
75,-5.2,245.3,1.0,0.0,5.1,-0.99,2019-10-04 11:17:22
76,-5.2,245.4,1.0,0.0,5.0,-0.99,2019-10-04 11:18:22
77,-5.2,244.6,1.1,0.0,5.0,-0.99,2019-10-04 11:19:21
78,-5.2,244.7,1.2,0.0,5.1,-0.99,2019-10-04 11:20:21
79,-5.7,245.0,0.9,0.0,5.5,-0.99,2019-10-04 11:21:21
80,-5.6,245.7,1.0,0.0,5.5,-0.99,2019-10-04 11:22:22
81,-5.6,245.8,0.6,0.0,5.5,-0.99,2019-10-04 11:23:21
82,-5.6,245.6,-1.0,0.0,5.5,0.99,2019-10-04 11:24:22
83,-5.7,243.1,2.5,0.0,5.6,-0.99,2019-10-04 11:25:22
84,-5.7,244.1,-1.5,0.0,5.6,-0.99,2019-10-04 11:26:22
85,-5.7,243.6,0.8,0.0,5.6,-0.99,2019-10-04 11:27:22
86,-5.7,242.7,1.7,0.0,5.6,-0.99,2019-10-04 11:28:22
87,-5.7,243.5,0.6,0.0,5.6,-0.99,2019-10-04 11:29:22
88,-5.7,243.5,1.3,0.0,5.6,-0.99,2019-10-04 11:30:22
89,-5.7,243.1,1.0,0.0,5.6,-0.99,2019-10-04 11:31:21
90,-5.7,243.5,0.5,0.0,5.6,-0.99,2019-10-04 11:32:22
91,-5.7,243.0,1.1,0.0,5.6,-0.99,2019-10-04 11:33:21
92,-5.7,243.7,-1.5,0.0,5.6,-0.99,2019-10-04 11:34:22
93,-5.8,243.3,0.8,0.0,5.6,-0.99,2019-10-04 11:35:21
94,-5.8,243.4,-1.0,0.0,5.7,-0.99,2019-10-04 11:36:21
95,-5.8,243.7,-1.3,0.0,5.7,-0.99,2019-10-04 11:37:22
96,-5.8,243.3,-1.1,0.0,5.7,-0.99,2019-10-04 11:38:21
97,-5.8,243.1,-1.1,0.0,5.7,-0.99,2019-10-04 11:39:21
98,-5.2,243.0,1.1,0.0,5.2,-0.99,2019-10-04 11:40:22
99,-5.3,243.6,0.5,0.0,5.2,-0.98,2019-10-04 11:41:21
100,-5.3,243.7,1.0,0.0,5.2,-0.99,2019-10-04 11:42:22
101,-5.3,242.7,1.4,0.0,5.2,-0.99,2019-10-04 11:43:23
102,-5.3,244.0,1.0,0.0,5.2,-0.99,2019-10-04 11:44:21
103,-5.3,244.0,-1.0,0.0,5.2,-0.99,2019-10-04 11:45:21
104,-5.3,244.0,-1.3,0.0,5.2,-0.99,2019-10-04 11:46:22
105,-5.3,243.9,-1.2,0.0,5.2,-0.99,2019-10-04 11:47:22
106,-5.3,244.1,0.1,0.0,5.2,-0.99,2019-10-04 11:48:22
107,-5.3,243.6,1.0,0.0,5.2,-0.99,2019-10-04 11:49:21
108,-5.3,243.7,1.0,0.0,5.2,-0.99,2019-10-04 11:50:21
109,-5.3,243.4,1.3,0.0,5.2,-0.99,2019-10-04 11:51:21
110,-5.3,244.4,0.5,0.0,5.2,-0.99,2019-10-04 11:52:21
111,-5.3,244.3,0.8,0.0,5.2,-0.98,2019-10-04 11:53:21
112,-5.3,243.9,1.5,0.0,5.2,-0.98,2019-10-04 11:54:21
113,-5.3,243.8,1.0,0.0,5.2,-0.99,2019-10-04 11:55:22
114,-5.3,243.6,1.3,0.0,5.2,-0.99,2019-10-04 11:56:22
115,-5.3,244.2,-1.1,0.0,5.2,-0.99,2019-10-04 11:57:21
116,-5.3,244.0,-1.0,0.0,5.3,-0.99,2019-10-04 11:58:22
117,-5.4,243.5,0.8,0.0,5.3,-0.98,2019-10-04 11:59:22
118,-5.4,243.4,0.5,0.0,5.3,-0.99,2019-10-04 12:00:21
119,-5.3,243.1,0.8,0.0,5.2,-0.99,2019-10-04 12:01:21
120,-5.3,242.8,1.0,0.0,5.3,-0.98,2019-10-04 12:02:21
121,-5.3,243.7,-1.0,0.0,5.2,-0.99,2019-10-04 12:03:21
122,-5.3,242.8,1.5,0.0,5.2,-0.99,2019-10-04 12:04:21
123,-5.3,243.7,-1.5,0.0,5.2,-0.99,2019-10-04 12:05:22
124,-5.3,243.2,1.1,0.0,5.2,-0.99,2019-10-04 12:06:21
125,-5.3,243.3,1.0,0.0,5.2,-0.99,2019-10-04 12:07:22
126,-5.2,243.6,-1.1,0.0,5.1,-0.99,2019-10-04 12:08:21
127,-5.2,243.1,0.8,0.0,5.1,-0.99,2019-10-04 12:09:22
128,-5.2,242.5,1.0,0.0,5.2,-0.99,2019-10-04 12:10:22
129,-5.2,243.2,-1.0,0.0,5.1,-0.99,2019-10-04 12:11:21
130,-5.6,244.4,-1.8,0.0,5.5,-0.99,2019-10-04 12:12:21
131,-5.7,244.2,0.4,0.0,5.6,-0.99,2019-10-04 12:13:22
132,-5.7,244.2,-1.2,0.0,5.6,-0.99,2019-10-04 12:14:22
133,-5.7,243.2,1.0,0.0,5.6,-0.99,2019-10-04 12:15:22
134,-5.7,243.4,1.0,0.0,5.6,-0.99,2019-10-04 12:16:22
135,-5.7,243.8,0.3,0.0,5.6,-0.99,2019-10-04 12:17:21
136,-5.7,244.0,0.6,0.0,5.6,-0.99,2019-10-04 12:18:22
137,-5.7,244.3,-1.1,0.0,5.5,-0.99,2019-10-04 12:19:22
138,-5.6,244.2,1.1,0.0,5.5,-0.99,2019-10-04 12:20:22
139,-5.6,244.9,-1.2,0.0,5.5,0.99,2019-10-04 12:21:21
140,-5.6,245.0,-1.8,0.0,5.5,-0.99,2019-10-04 12:22:22
141,-5.6,245.1,-1.4,0.0,5.4,-0.99,2019-10-04 12:23:22
142,-5.6,244.3,1.0,0.0,5.4,-0.99,2019-10-04 12:24:22
143,-5.6,244.7,-1.0,0.0,5.4,-0.99,2019-10-04 12:25:21
144,-5.6,244.3,0.8,0.0,5.4,-0.99,2019-10-04 12:26:23
145,-5.6,245.2,-1.5,0.0,5.5,-0.99,2019-10-04 12:27:21
146,-5.6,244.4,0.6,0.0,5.5,0.99,2019-10-04 12:28:21
147,-5.6,244.5,-1.0,0.0,5.5,-0.99,2019-10-04 12:29:21
148,-5.6,244.8,0.8,0.0,5.4,-0.99,2019-10-04 12:30:21
149,-5.0,244.7,-1.0,0.0,4.8,-0.99,2019-10-04 12:31:22
150,-5.1,244.8,0.8,0.0,4.9,-0.98,2019-10-04 12:32:21
151,-5.1,244.4,1.0,0.0,4.9,-0.98,2019-10-04 12:33:22
152,-5.1,243.4,1.8,0.0,5.0,-0.99,2019-10-04 12:34:22
153,-5.0,244.3,-1.6,0.0,5.0,-0.99,2019-10-04 12:35:21
154,-5.0,245.2,-1.5,0.0,4.9,-0.99,2019-10-04 12:36:22
155,-5.1,245.7,-1.5,0.0,4.9,-0.99,2019-10-04 12:37:23
156,-5.0,246.0,-1.3,0.0,4.9,-0.99,2019-10-04 12:38:22
157,-5.1,244.9,1.5,0.0,4.9,-0.99,2019-10-04 12:39:21
158,-5.1,244.3,0.6,0.0,5.0,-0.98,2019-10-04 12:40:22
159,-5.1,244.5,0.8,0.0,4.9,-0.99,2019-10-04 12:41:21
160,-5.1,244.6,-1.0,0.0,4.9,-0.99,2019-10-04 12:42:21
161,-5.1,243.3,1.6,0.0,5.0,-0.99,2019-10-04 12:43:21
162,-5.1,243.9,-1.4,0.0,5.0,-0.99,2019-10-04 12:44:21
163,-5.1,242.9,0.6,0.0,5.0,-0.99,2019-10-04 12:45:21
164,-5.1,244.8,-1.5,0.0,4.9,-0.99,2019-10-04 12:46:22
165,-5.1,244.7,0.8,0.0,4.9,-0.99,2019-10-04 12:47:22
166,-5.0,245.2,-1.2,0.0,4.9,-0.99,2019-10-04 12:48:22
167,-5.0,244.1,1.5,0.0,4.9,-0.98,2019-10-04 12:50:22
168,-5.0,243.9,1.1,0.0,4.9,-0.98,2019-10-04 12:51:23
169,-5.0,244.4,0.6,0.0,4.8,-0.99,2019-10-04 12:52:22
170,-5.0,244.3,-1.0,0.0,4.8,-0.99,2019-10-04 12:53:22
171,-5.0,244.6,-1.0,0.0,4.8,-0.99,2019-10-04 12:54:22
172,-5.0,244.2,1.3,0.0,4.8,-0.99,2019-10-04 12:55:22
173,-4.9,244.8,-1.3,0.0,4.8,-0.98,2019-10-04 12:56:21
174,-4.9,244.2,0.7,0.0,4.8,-0.98,2019-10-04 12:57:22
175,-4.9,243.7,0.9,0.0,4.7,-0.99,2019-10-04 12:58:23
176,-4.9,243.4,1.3,0.0,4.8,-0.99,2019-10-04 12:59:21
177,-4.9,243.7,0.6,0.0,4.8,-0.99,2019-10-04 13:00:23
178,-4.9,243.4,0.5,0.0,4.8,-0.98,2019-10-04 13:01:21
179,-5.3,243.5,0.6,0.0,5.2,-0.99,2019-10-04 13:02:22
180,-5.3,243.8,1.0,0.0,5.1,-0.99,2019-10-04 13:03:22
181,-5.3,245.3,-1.5,0.0,5.1,-0.99,2019-10-04 13:04:22
182,-5.3,245.4,-1.4,0.0,5.1,-0.99,2019-10-04 13:05:22
183,-5.2,245.7,-1.0,0.0,5.0,-0.99,2019-10-04 13:06:22
184,-5.3,245.3,1.0,0.0,5.1,-0.99,2019-10-04 13:07:21
185,-5.3,245.8,-1.1,0.0,5.1,-0.99,2019-10-04 13:08:22
186,-5.2,246.9,-1.6,0.0,5.0,-0.99,2019-10-04 13:09:22
187,-4.6,246.5,0.9,0.0,4.4,0.99,2019-10-04 13:10:22
188,-4.6,246.3,1.3,0.0,4.4,0.99,2019-10-04 13:11:21
189,-4.6,246.0,1.0,0.0,4.4,0.99,2019-10-04 13:12:21
190,-4.5,245.5,1.5,0.0,4.4,0.99,2019-10-04 13:13:22
191,-4.3,245.3,0.6,0.0,4.1,-0.99,2019-10-04 13:14:21
192,-4.7,244.9,1.0,0.0,4.5,-0.99,2019-10-04 13:15:21
193,-4.7,245.0,0.6,0.0,4.5,-0.99,2019-10-04 13:16:22
194,-4.6,245.1,1.1,0.0,4.5,0.99,2019-10-04 13:17:22
195,-4.6,245.2,1.4,0.0,4.4,0.99,2019-10-04 13:18:22
196,-4.5,245.0,1.1,0.0,4.3,0.99,2019-10-04 13:19:22
197,-4.5,244.1,1.0,0.0,4.3,0.99,2019-10-04 13:20:22
198,-3.9,244.2,1.2,0.0,3.7,-0.99,2019-10-04 13:21:22
199,-3.9,244.8,-1.1,0.0,3.7,-0.99,2019-10-04 13:22:21
200,-3.9,244.8,0.8,0.0,3.7,-0.99,2019-10-04 13:23:22
201,-3.9,244.8,0.3,0.0,3.7,-0.99,2019-10-04 13:24:22
202,-3.9,244.9,-1.5,0.0,3.7,-0.99,2019-10-04 13:25:21
203,-3.9,243.8,1.1,0.0,3.7,-0.99,2019-10-04 13:26:21
204,-3.9,244.7,-1.2,0.0,3.7,-0.99,2019-10-04 13:27:21
205,-3.9,245.0,1.1,0.0,3.7,-0.99,2019-10-04 13:28:21
206,-3.8,245.5,0.6,0.0,3.7,-0.99,2019-10-04 13:29:21
207,-3.9,245.1,-1.5,0.0,3.7,-0.99,2019-10-04 13:30:22
208,-3.9,244.3,1.0,0.0,3.7,-0.99,2019-10-04 13:31:22
209,-3.8,244.9,-1.7,0.0,3.7,-0.99,2019-10-04 13:32:22
210,-3.8,245.2,-1.5,0.0,3.7,-0.99,2019-10-04 13:33:22
211,-3.8,246.1,-1.9,0.0,3.6,-0.99,2019-10-04 13:34:21
212,-4.7,244.6,1.3,0.0,4.6,-0.99,2019-10-04 13:35:22
213,-4.7,244.7,0.7,0.0,4.6,-0.99,2019-10-04 13:36:23
214,-4.7,244.6,0.8,0.0,4.6,-0.99,2019-10-04 13:37:22
215,-4.7,244.5,0.6,0.0,4.5,-0.99,2019-10-04 13:38:22
216,-4.6,244.5,0.6,0.0,4.5,-0.99,2019-10-04 13:39:21
217,-4.6,244.3,-1.0,0.0,4.5,-0.99,2019-10-04 13:40:21
218,-4.6,244.4,0.5,0.0,4.4,-0.99,2019-10-04 13:41:22
219,-3.9,245.5,-1.3,0.0,3.8,-0.98,2019-10-04 13:42:21
220,-4.0,245.5,0.5,0.0,3.8,-0.98,2019-10-04 13:43:22
221,-4.0,244.1,1.8,0.0,3.8,-0.98,2019-10-04 13:44:21
222,-3.9,243.7,1.2,0.0,3.8,-0.98,2019-10-04 13:45:22
223,-4.0,244.1,0.5,0.0,3.8,-0.98,2019-10-04 13:46:22
224,-3.9,244.8,-1.5,0.0,3.8,-0.98,2019-10-04 13:47:24
225,-3.9,243.7,1.4,0.0,3.8,-0.99,2019-10-04 13:48:22
226,-3.9,244.1,0.5,0.0,3.8,-0.98,2019-10-04 13:49:22
227,-3.9,244.3,-1.6,0.0,3.8,-0.98,2019-10-04 13:50:22
228,-3.9,244.0,-1.0,0.0,3.8,-0.98,2019-10-04 13:51:21
229,-3.9,243.2,1.3,0.0,3.8,-0.98,2019-10-04 13:52:22
230,-4.3,244.4,-1.3,0.0,4.2,-0.99,2019-10-04 13:53:22
231,-4.3,243.3,1.5,0.0,4.2,-0.99,2019-10-04 13:54:22
232,-4.3,243.1,1.5,0.0,4.2,-0.99,2019-10-04 13:55:22
233,-4.3,243.2,1.5,0.0,4.3,-0.99,2019-10-04 13:56:21
234,-4.1,243.7,0.8,0.0,4.0,-0.99,2019-10-04 13:57:22
235,-4.0,244.2,-1.1,0.0,3.9,-0.99,2019-10-04 13:58:22
236,-4.3,243.7,1.0,0.0,4.2,-0.99,2019-10-04 13:59:21
237,-4.3,244.4,-1.3,0.0,4.2,0.99,2019-10-04 14:00:22
238,-3.9,245.4,-1.9,0.0,3.8,-0.99,2019-10-04 14:01:23
239,-3.9,244.5,1.1,0.0,3.8,-0.99,2019-10-04 14:02:22
240,-4.0,243.9,1.3,0.0,3.9,-0.99,2019-10-04 14:03:21
241,-4.2,244.8,0.1,0.0,4.1,-0.99,2019-10-04 14:04:22
242,-3.9,245.3,-1.5,0.0,3.7,-0.99,2019-10-04 14:05:22
243,-4.2,245.7,-1.3,0.0,4.0,-0.99,2019-10-04 14:06:22
244,-3.8,245.3,1.1,0.0,3.7,-0.99,2019-10-04 14:07:21
245,-4.2,244.2,1.4,0.0,4.1,0.99,2019-10-04 14:08:22
246,-4.1,244.3,1.0,0.0,4.0,0.99,2019-10-04 14:09:22
247,-4.1,245.4,-1.5,0.0,4.0,-0.99,2019-10-04 14:10:22
248,-4.1,244.6,1.1,0.0,4.0,0.99,2019-10-04 14:11:22
249,-3.5,245.2,1.3,0.0,3.4,-0.98,2019-10-04 14:12:21
250,-3.6,243.8,1.8,0.0,3.5,-0.98,2019-10-04 14:13:21
251,-3.6,244.0,0.8,0.0,3.5,-0.98,2019-10-04 14:14:21
252,-3.5,244.2,0.5,0.0,3.4,-0.98,2019-10-04 14:15:22
253,-3.5,244.3,-1.1,0.0,3.3,-0.98,2019-10-04 14:16:21
254,-3.4,244.7,-1.5,0.0,3.3,-0.98,2019-10-04 14:17:22
255,-3.4,245.4,-1.2,0.0,3.3,-0.98,2019-10-04 14:18:22
256,-3.4,244.5,1.1,0.0,3.3,-0.98,2019-10-04 14:19:22
257,-3.4,244.5,0.9,0.0,3.3,-0.98,2019-10-04 14:20:21
258,-3.4,244.5,1.0,0.0,3.3,-0.98,2019-10-04 14:21:22
259,-3.4,245.1,-1.1,0.0,3.2,-0.98,2019-10-04 14:22:21
260,-3.4,245.0,0.6,0.0,3.2,-0.98,2019-10-04 14:23:21
261,12.1,242.0,3.6,0.2,12.0,0.99,2019-10-04 14:24:22
262,11.7,241.6,1.0,0.0,11.6,0.99,2019-10-04 14:25:23
263,11.9,242.3,-1.1,0.0,11.8,0.99,2019-10-04 14:26:21
264,11.7,241.1,1.5,0.0,11.6,0.99,2019-10-04 14:27:22
265,11.8,241.0,0.8,0.0,11.6,0.99,2019-10-04 14:28:22
266,-3.1,243.9,-3.9,0.6,3.0,-0.97,2019-10-04 14:29:21
267,11.7,241.7,2.4,0.2,11.6,0.99,2019-10-04 14:30:22
268,5.5,242.6,-2.1,0.3,5.5,0.98,2019-10-04 14:31:22
269,5.5,242.9,1.0,0.0,5.5,0.99,2019-10-04 14:32:23
270,-3.0,244.4,-2.1,0.8,2.9,-0.96,2019-10-04 14:33:21
271,-3.0,244.5,1.0,0.0,2.9,-0.95,2019-10-04 14:34:22
272,-2.9,245.6,-2.1,0.0,2.8,-0.96,2019-10-04 14:35:22
273,-3.0,245.0,1.0,0.0,2.8,-0.96,2019-10-04 14:36:22
274,5.6,243.3,2.3,0.3,5.6,0.98,2019-10-04 14:37:22
275,5.6,243.3,0.6,0.0,5.6,0.98,2019-10-04 14:38:22
276,5.7,244.0,-1.5,0.5,5.7,0.99,2019-10-04 14:39:21
277,-2.8,245.5,-2.3,0.6,2.7,-0.95,2019-10-04 14:40:22
278,-2.8,244.0,1.9,0.0,2.7,-0.96,2019-10-04 14:41:22
279,-2.8,244.6,1.0,0.0,2.7,-0.95,2019-10-04 14:42:21
280,5.2,243.5,1.9,0.1,5.2,0.99,2019-10-04 14:43:22
281,-3.2,244.5,-2.0,0.0,3.0,-0.99,2019-10-04 14:44:22
282,-3.2,244.0,-2.1,0.4,3.0,-0.99,2019-10-04 14:45:21
283,-3.7,244.6,-1.6,0.0,3.5,-0.99,2019-10-04 14:46:21
284,-3.7,243.4,2.0,0.0,3.6,0.99,2019-10-04 14:47:22
285,-3.6,243.9,0.8,0.0,3.5,0.99,2019-10-04 14:48:21
286,4.8,242.9,2.2,0.0,4.8,0.99,2019-10-04 14:50:22
287,-3.5,244.4,-1.9,0.0,3.4,0.99,2019-10-04 14:51:21
288,4.9,243.3,1.8,0.0,4.9,0.99,2019-10-04 14:52:22
289,-3.4,245.1,-2.6,0.0,3.3,-0.99,2019-10-04 14:53:21
290,4.9,242.8,2.3,0.0,5.0,0.99,2019-10-04 14:54:21
291,4.9,242.7,0.7,0.0,4.9,0.99,2019-10-04 14:55:21
292,4.9,242.3,2.1,0.0,4.9,0.99,2019-10-04 14:56:22
293,-3.4,244.9,-2.6,0.0,3.3,0.99,2019-10-04 14:57:22
294,4.6,243.4,1.5,0.7,4.6,0.38,2019-10-04 14:58:21
295,-2.8,244.7,-1.2,0.6,2.7,-0.98,2019-10-04 14:59:21
296,5.5,242.5,2.5,0.5,5.5,0.99,2019-10-04 15:00:22
297,5.6,242.6,0.8,0.0,5.6,0.99,2019-10-04 15:01:22
298,6.2,242.4,1.2,0.1,6.2,0.99,2019-10-04 15:02:22
299,6.2,242.3,1.3,0.0,6.2,0.99,2019-10-04 15:03:22
300,-2.3,244.0,-2.0,0.1,2.2,-0.95,2019-10-04 15:04:22
301,-2.2,244.8,0.6,0.0,2.1,-0.95,2019-10-04 15:05:21
302,6.3,242.7,2.5,0.3,6.3,0.99,2019-10-04 15:06:21
303,-2.1,244.1,-2.1,0.1,2.0,-0.94,2019-10-04 15:07:22
304,6.5,242.9,1.7,0.2,6.5,0.99,2019-10-04 15:08:21
305,-2.0,244.7,-2.2,0.4,1.9,-0.93,2019-10-04 15:09:21
306,-0.4,244.0,-2.5,0.2,0.4,-0.69,2019-10-04 15:10:21
307,14.4,241.2,2.8,0.2,14.3,0.99,2019-10-04 15:11:21
308,14.3,241.1,-1.0,0.0,14.2,0.99,2019-10-04 15:12:21
309,14.4,241.0,1.1,0.0,14.3,0.99,2019-10-04 15:13:21
310,14.5,241.4,-1.0,0.0,14.4,0.99,2019-10-04 15:14:21
311,14.5,242.0,1.3,0.0,14.4,0.99,2019-10-04 15:15:22
312,14.5,242.1,1.3,0.0,14.4,0.99,2019-10-04 15:16:22
313,14.6,242.2,1.2,0.0,14.5,0.99,2019-10-04 15:17:22
314,14.5,241.2,1.6,0.0,14.4,0.99,2019-10-04 15:18:21
315,14.5,242.4,-1.8,0.0,14.4,0.99,2019-10-04 15:19:22
316,12.5,242.0,-1.0,0.0,12.5,0.99,2019-10-04 15:20:21
317,12.6,241.7,1.2,0.0,12.5,0.99,2019-10-04 15:21:21
318,12.6,242.0,0.6,0.0,12.5,0.99,2019-10-04 15:22:21
319,12.6,241.7,1.0,0.0,12.5,0.99,2019-10-04 15:23:21
320,-2.7,243.9,-2.9,0.3,2.6,0.98,2019-10-04 15:24:23
321,-2.6,244.2,0.7,0.0,2.5,0.98,2019-10-04 15:25:23
322,-2.5,243.9,1.0,0.0,2.4,0.99,2019-10-04 15:26:21
323,-2.5,244.2,0.6,0.0,2.4,0.98,2019-10-04 15:27:22
324,-2.5,243.8,1.0,0.0,2.5,0.98,2019-10-04 15:28:21
325,-2.5,244.1,0.6,0.0,2.5,0.98,2019-10-04 15:29:22
326,-2.5,243.7,1.2,0.0,2.4,0.98,2019-10-04 15:30:22
327,-2.5,244.5,-1.3,0.0,2.4,0.98,2019-10-04 15:31:22
328,-2.4,244.0,0.6,0.0,2.4,0.98,2019-10-04 15:32:21
329,-2.4,244.2,-1.0,0.0,2.4,0.97,2019-10-04 15:33:22
330,-2.4,244.3,-1.3,0.0,2.4,0.98,2019-10-04 15:34:22
331,-1.8,244.1,-1.5,0.0,1.8,-0.99,2019-10-04 15:35:21
332,-1.7,244.1,-1.0,0.0,1.7,0.98,2019-10-04 15:36:21
333,-1.7,243.9,0.7,0.0,1.7,0.99,2019-10-04 15:37:22
334,-1.2,243.7,-1.0,0.0,1.2,-0.96,2019-10-04 15:38:21
335,-1.2,244.3,0.8,0.0,1.2,-0.95,2019-10-04 15:39:21
336,-1.2,243.7,1.1,0.0,1.1,-0.94,2019-10-04 15:40:21
337,-1.2,244.4,-1.2,0.0,1.1,-0.95,2019-10-04 15:41:21
338,-1.1,243.9,1.0,0.0,1.1,-0.94,2019-10-04 15:42:22
339,-1.1,245.1,-2.3,0.0,1.0,-0.94,2019-10-04 15:43:22
340,-1.0,246.8,-1.8,0.0,1.0,-0.94,2019-10-04 15:44:22
341,-1.0,247.2,-2.0,0.0,1.0,-0.94,2019-10-04 15:45:22
342,-1.0,247.3,-1.0,0.0,1.0,-0.94,2019-10-04 15:46:22
343,-0.9,246.8,1.1,0.0,0.9,-0.94,2019-10-04 15:47:21
344,-0.9,246.8,1.1,0.0,0.9,-0.93,2019-10-04 15:48:22
345,-0.9,246.5,0.6,0.0,0.8,-0.92,2019-10-04 15:49:22
346,-0.8,247.0,-1.1,0.9,0.8,-0.93,2019-10-04 15:50:21
347,-0.8,246.9,-1.2,0.0,0.8,-0.91,2019-10-04 15:51:21
348,-0.8,246.4,1.3,0.0,0.8,-0.9,2019-10-04 15:52:22
349,-0.8,246.2,1.0,0.0,0.8,-0.92,2019-10-04 15:53:22
350,-0.7,246.5,1.1,0.0,0.7,-0.91,2019-10-04 15:54:21
351,-0.7,247.2,-1.7,0.0,0.7,-0.89,2019-10-04 15:55:22
352,-0.7,246.6,1.3,0.0,0.6,-0.88,2019-10-04 15:56:22
353,-0.7,247.0,0.6,0.0,0.6,-0.9,2019-10-04 15:57:22
354,-0.7,245.9,1.5,0.0,0.6,-0.9,2019-10-04 15:58:21
355,-1.1,245.6,1.3,0.0,1.0,0.97,2019-10-04 15:59:22
356,-1.0,246.7,-2.0,0.0,1.0,0.96,2019-10-04 16:00:21
357,-1.0,246.1,1.5,0.0,1.0,0.95,2019-10-04 16:01:21
358,-1.0,246.2,1.2,0.0,1.0,0.95,2019-10-04 16:02:22
359,-0.8,245.9,1.2,0.0,0.8,0.91,2019-10-04 16:03:21
360,-0.5,245.8,1.3,0.0,0.5,0.79,2019-10-04 16:04:21
361,-0.9,246.6,-1.0,0.0,0.8,0.94,2019-10-04 16:05:21
362,-0.4,246.8,1.1,0.0,0.4,0.58,2019-10-04 16:06:21
363,-0.4,247.3,-1.6,0.0,0.4,0.56,2019-10-04 16:07:22
364,-0.4,246.9,-1.3,0.0,0.4,0.53,2019-10-04 16:08:22
365,-0.4,245.7,1.3,0.0,0.4,0.39,2019-10-04 16:09:22
366,0.5,245.3,1.1,0.0,0.5,0.05,2019-10-04 16:10:21
367,0.6,245.2,1.3,0.0,0.7,-0.32,2019-10-04 16:11:21
368,0.9,245.6,0.8,0.0,1.0,-0.87,2019-10-04 16:12:22
369,0.9,245.5,1.6,0.0,1.0,-0.87,2019-10-04 16:13:21
370,1.0,245.6,1.5,0.0,1.0,-0.88,2019-10-04 16:14:22
371,0.9,245.8,-1.0,0.0,1.0,-0.88,2019-10-04 16:15:22
372,1.0,245.6,0.8,0.0,1.0,-0.88,2019-10-04 16:16:22
373,0.9,246.2,-1.0,0.0,1.0,-0.88,2019-10-04 16:17:22
374,1.0,246.2,-1.0,0.0,1.0,-0.89,2019-10-04 16:18:21
375,1.0,246.1,-1.4,0.0,1.0,-0.89,2019-10-04 16:19:22
376,1.0,246.1,1.0,0.0,1.0,-0.89,2019-10-04 16:20:22
377,1.0,246.2,1.2,0.0,1.1,-0.88,2019-10-04 16:21:22
378,1.0,246.8,0.6,0.0,1.1,-0.87,2019-10-04 16:22:21
379,0.9,246.2,1.1,0.0,1.0,-0.86,2019-10-04 16:23:22
380,1.3,247.6,-1.6,0.0,1.4,-0.92,2019-10-04 16:24:22
381,0.9,246.7,1.1,0.0,0.9,-0.87,2019-10-04 16:25:22
382,0.9,247.1,-1.3,0.0,1.0,-0.87,2019-10-04 16:26:22
383,0.9,246.8,0.6,0.0,1.0,-0.87,2019-10-04 16:27:22
384,0.8,247.1,0.8,0.0,1.0,-0.88,2019-10-04 16:28:21
385,0.8,246.5,1.1,0.0,0.9,-0.88,2019-10-04 16:29:21
386,0.7,245.8,1.5,0.0,0.8,-0.53,2019-10-04 16:30:21
387,0.7,246.7,-1.3,0.0,0.8,-0.28,2019-10-04 16:31:21
388,0.7,246.4,0.7,0.0,0.8,-0.4,2019-10-04 16:32:22
389,0.7,246.4,1.2,0.0,0.8,-0.38,2019-10-04 16:33:22
390,0.7,246.7,-1.0,0.0,0.8,-0.36,2019-10-04 16:34:21
391,0.7,245.6,2.3,0.0,0.8,-0.35,2019-10-04 16:35:22
392,0.7,245.1,1.3,0.0,0.7,-0.32,2019-10-04 16:36:22
393,0.7,244.7,1.5,0.0,0.7,-0.35,2019-10-04 16:37:22
394,0.7,245.3,1.6,0.0,0.7,-0.35,2019-10-04 16:38:21
395,0.7,244.5,2.0,0.0,0.7,-0.35,2019-10-04 16:39:22
396,0.7,244.8,1.1,0.0,0.8,-0.39,2019-10-04 16:40:22
397,0.7,244.2,1.5,0.0,0.8,-0.38,2019-10-04 16:41:22
398,0.7,245.5,-1.5,0.0,0.8,-0.4,2019-10-04 16:42:21
399,0.8,246.4,-1.5,0.0,0.8,-0.45,2019-10-04 16:43:22
400,0.8,245.7,-1.0,0.0,0.8,-0.45,2019-10-04 16:44:22
401,1.0,245.4,1.0,0.0,1.1,-0.88,2019-10-04 16:45:21
402,0.9,245.9,-1.3,0.0,1.0,-0.87,2019-10-04 16:46:22
403,0.9,245.7,-1.0,0.0,1.0,-0.88,2019-10-04 16:47:22
404,0.9,246.3,-1.1,0.0,1.0,-0.89,2019-10-04 16:48:22
405,0.9,246.1,0.8,0.0,1.0,-0.89,2019-10-04 16:50:21
406,1.0,246.5,0.3,0.0,1.0,-0.9,2019-10-04 16:51:22
407,1.0,246.1,-1.1,0.0,1.0,-0.9,2019-10-04 16:52:22
408,0.9,246.3,-1.1,0.0,1.0,-0.9,2019-10-04 16:53:22
409,1.0,246.3,0.8,0.0,1.0,-0.9,2019-10-04 16:54:22
410,0.9,246.2,-1.5,0.0,1.0,-0.91,2019-10-04 16:55:21
411,0.9,246.1,0.8,0.0,1.0,-0.91,2019-10-04 16:56:21
412,1.0,245.7,1.1,0.0,1.0,-0.9,2019-10-04 16:57:22
413,1.0,246.5,-1.1,0.0,1.0,-0.92,2019-10-04 16:58:21
414,0.9,246.7,1.1,0.0,1.0,-0.9,2019-10-04 16:59:21
415,1.0,246.7,0.9,0.0,1.0,-0.91,2019-10-04 17:00:22
416,1.0,247.0,-1.0,0.0,1.0,-0.91,2019-10-04 17:01:23
417,1.0,246.0,1.5,0.0,1.0,-0.91,2019-10-04 17:02:22
418,0.8,246.5,0.9,0.0,0.8,-0.58,2019-10-04 17:03:21
419,0.7,246.9,-1.0,0.0,0.8,-0.6,2019-10-04 17:04:22
420,0.8,247.3,-1.3,0.0,0.8,-0.61,2019-10-04 17:05:22
421,0.8,245.6,1.8,0.0,0.8,-0.6,2019-10-04 17:06:22
422,0.8,246.4,-1.0,0.0,0.8,-0.61,2019-10-04 17:07:22
423,0.8,246.6,1.0,0.0,0.8,-0.62,2019-10-04 17:08:22
424,0.8,245.2,2.0,0.0,0.8,-0.62,2019-10-04 17:09:21
425,0.8,244.8,1.5,0.0,0.8,-0.63,2019-10-04 17:10:22
426,0.8,245.2,1.1,0.0,0.8,-0.63,2019-10-04 17:11:21
427,0.8,246.5,-1.5,0.0,0.7,-0.63,2019-10-04 17:12:22
428,0.8,246.5,-1.0,0.0,0.7,-0.64,2019-10-04 17:13:22
429,0.8,245.8,1.0,0.0,0.8,-0.7,2019-10-04 17:14:22
430,1.1,244.6,1.6,0.0,1.0,-0.94,2019-10-04 17:15:23
431,1.0,245.5,0.8,0.0,1.1,-0.94,2019-10-04 17:16:22
432,1.1,243.3,2.6,0.0,1.0,-0.94,2019-10-04 17:17:22
433,1.1,242.7,1.4,0.0,1.1,-0.94,2019-10-04 17:18:22
434,1.1,243.2,-1.5,0.0,1.1,-0.94,2019-10-04 17:19:22
435,1.1,244.4,-2.3,0.0,1.1,-0.94,2019-10-04 17:20:22
436,1.1,243.4,1.0,0.0,1.0,-0.94,2019-10-04 17:21:22
437,1.1,242.6,1.6,0.0,1.0,-0.94,2019-10-04 17:22:22
438,1.1,243.8,-1.5,0.0,1.1,-0.94,2019-10-04 17:23:21
439,1.1,243.2,0.8,0.0,1.1,-0.94,2019-10-04 17:24:21
440,1.1,242.9,1.0,0.0,1.0,-0.95,2019-10-04 17:25:21
441,1.1,241.8,2.0,0.0,1.0,-0.94,2019-10-04 17:26:22
442,1.1,240.5,2.0,0.0,1.0,-0.94,2019-10-04 17:27:23
443,1.1,239.6,1.5,0.0,1.0,-0.95,2019-10-04 17:28:22
444,1.1,241.2,-2.0,0.0,1.1,-0.95,2019-10-04 17:29:21
445,1.1,242.1,-1.4,0.0,1.0,-0.95,2019-10-04 17:30:21
446,1.1,240.4,1.3,0.0,1.0,-0.95,2019-10-04 17:31:22
447,1.1,240.1,-1.1,0.0,1.0,-0.95,2019-10-04 17:32:21
448,1.1,240.0,1.6,0.0,1.1,-0.95,2019-10-04 17:33:22
449,1.1,242.5,-2.6,0.0,1.1,-0.96,2019-10-04 17:34:21
450,1.1,243.5,-2.3,0.0,1.1,-0.96,2019-10-04 17:35:21
451,0.8,246.3,-3.3,0.0,0.8,-0.75,2019-10-04 17:36:22
452,0.8,245.2,1.3,0.0,0.8,-0.76,2019-10-04 17:37:21
453,0.8,244.0,2.3,0.0,0.8,-0.76,2019-10-04 17:38:22
454,0.6,244.8,-1.3,0.0,0.7,-0.93,2019-10-04 17:39:22
455,0.6,243.8,2.3,0.0,0.6,-0.93,2019-10-04 17:40:22
456,0.6,244.1,1.0,0.0,0.6,-0.94,2019-10-04 17:41:22
457,0.6,245.0,-1.5,0.0,0.7,-0.94,2019-10-04 17:42:21
458,0.6,245.3,-1.5,0.0,0.7,-0.93,2019-10-04 17:43:22
459,0.6,245.5,0.5,0.0,0.7,-0.93,2019-10-04 17:44:21
460,0.6,244.5,1.1,0.0,0.6,-0.93,2019-10-04 17:45:21
461,0.6,244.8,-1.0,0.0,0.6,-0.93,2019-10-04 17:46:21
462,0.6,244.6,1.3,0.0,0.7,-0.93,2019-10-04 17:47:22
463,0.6,244.9,-1.0,0.0,0.7,-0.93,2019-10-04 17:48:21
464,0.6,244.9,1.3,0.0,0.7,-0.92,2019-10-04 17:49:22
465,0.6,243.7,2.2,0.0,0.7,-0.93,2019-10-04 17:50:23
466,0.6,243.8,1.0,0.0,0.7,-0.92,2019-10-04 17:51:22
467,1.1,243.8,-1.1,0.0,1.1,0.98,2019-10-04 17:52:22
468,1.1,244.0,1.0,0.0,1.1,0.98,2019-10-04 17:53:22
469,1.1,243.5,1.9,0.0,1.2,0.99,2019-10-04 17:54:22
470,10.3,240.9,4.5,0.4,10.1,0.99,2019-10-04 17:55:21
471,10.3,242.6,-1.6,0.0,10.3,0.99,2019-10-04 17:56:22
472,0.7,242.8,1.1,0.2,0.7,-0.88,2019-10-04 17:57:22
473,0.7,244.0,1.1,0.0,0.8,-0.89,2019-10-04 17:58:21
474,0.7,245.7,-2.0,0.0,0.8,-0.88,2019-10-04 17:59:21
475,0.7,244.7,-1.2,0.0,0.8,-0.88,2019-10-04 18:00:21
476,0.7,244.9,-1.4,0.0,0.8,-0.88,2019-10-04 18:01:21
477,0.7,243.8,1.8,0.0,0.8,-0.89,2019-10-04 18:02:21
478,0.7,243.8,1.8,0.0,0.8,-0.89,2019-10-04 18:03:22
479,0.7,244.9,-1.4,0.0,0.8,-0.89,2019-10-04 18:04:22
480,0.7,243.5,2.1,0.0,0.7,-0.89,2019-10-04 18:05:22
481,0.8,244.9,-1.8,0.0,0.8,-0.89,2019-10-04 18:06:22
482,0.8,244.8,-1.1,0.0,0.8,-0.89,2019-10-04 18:07:22
483,0.8,244.9,1.2,0.0,0.9,-0.89,2019-10-04 18:08:22
484,0.8,244.1,1.5,0.0,0.8,-0.89,2019-10-04 18:09:21
485,0.8,243.5,1.4,0.0,0.8,-0.89,2019-10-04 18:10:22
486,0.8,243.6,1.3,0.0,0.9,-0.91,2019-10-04 18:11:21
487,0.8,243.8,1.6,0.0,0.8,-0.89,2019-10-04 18:12:22
488,0.8,244.6,1.5,0.0,0.8,-0.9,2019-10-04 18:13:21
489,0.8,246.0,-1.6,0.0,0.9,-0.9,2019-10-04 18:14:22
490,0.8,246.2,-1.6,0.0,0.8,-0.89,2019-10-04 18:15:22
491,0.8,245.7,-1.2,0.0,0.8,-0.9,2019-10-04 18:16:21
492,0.8,245.2,0.8,0.0,0.9,-0.9,2019-10-04 18:17:22
493,1.3,245.8,-1.5,0.3,1.4,0.98,2019-10-04 18:18:21
494,1.3,245.7,-1.0,0.0,1.3,0.99,2019-10-04 18:19:22
495,1.3,245.1,-1.6,0.0,1.4,0.99,2019-10-04 18:20:22
496,1.2,245.5,1.1,0.0,1.3,0.99,2019-10-04 18:21:22
497,1.2,246.0,-1.5,0.0,1.3,0.99,2019-10-04 18:22:23
498,1.2,245.4,1.0,0.0,1.3,0.99,2019-10-04 18:23:22
499,1.2,244.7,1.3,0.0,1.3,0.99,2019-10-04 18:24:22
500,1.2,245.1,-1.4,0.0,1.3,0.99,2019-10-04 18:25:21
501,1.2,246.3,-2.1,0.0,1.3,0.99,2019-10-04 18:26:23
502,1.2,246.0,0.6,0.0,1.2,0.98,2019-10-04 18:27:22
503,1.2,245.8,-1.1,0.0,1.2,0.98,2019-10-04 18:28:21
504,0.8,245.5,0.8,0.0,0.8,-0.94,2019-10-04 18:29:22
505,0.8,246.5,-1.8,0.0,0.8,-0.95,2019-10-04 18:30:22
506,0.8,246.2,-1.5,0.0,0.8,-0.94,2019-10-04 18:31:21
507,0.8,244.3,2.0,0.0,0.8,-0.94,2019-10-04 18:32:21
508,0.8,244.9,1.0,0.0,0.8,-0.95,2019-10-04 18:33:22
509,0.7,244.7,0.9,0.0,0.8,-0.94,2019-10-04 18:34:22
510,0.7,244.5,0.5,0.0,0.8,-0.94,2019-10-04 18:35:21
511,7.1,243.9,1.1,0.3,7.1,-0.99,2019-10-04 18:36:21
512,7.0,243.5,-1.5,0.0,7.1,-0.99,2019-10-04 18:37:22
513,0.7,244.9,-2.3,0.0,0.8,-0.94,2019-10-04 18:38:22
514,0.7,243.9,1.5,0.0,0.8,-0.94,2019-10-04 18:39:21
515,7.0,243.2,2.2,0.0,7.0,-0.99,2019-10-04 18:40:21
516,7.0,243.1,1.1,0.0,7.0,-0.99,2019-10-04 18:41:21
517,8.0,243.2,1.3,0.2,8.0,-0.99,2019-10-04 18:42:21
518,8.0,243.9,1.5,0.2,8.1,-0.99,2019-10-04 18:43:21
519,8.0,243.6,1.0,0.0,8.0,-0.99,2019-10-04 18:44:22
520,16.7,240.8,3.0,0.2,16.6,-0.99,2019-10-04 18:45:22
521,8.0,243.1,-3.0,0.0,8.0,-0.99,2019-10-04 18:46:22
522,1.6,243.5,1.1,0.2,1.7,-0.98,2019-10-04 18:47:22
523,2.9,243.6,1.0,0.0,3.1,-0.98,2019-10-04 18:48:22
524,1.6,244.4,-2.1,0.2,1.7,-0.98,2019-10-04 18:50:21
525,8.0,243.6,1.3,0.1,8.0,-0.99,2019-10-04 18:51:21
526,1.6,245.0,-1.6,0.2,1.7,-0.98,2019-10-04 18:52:22
527,1.6,244.8,-1.3,0.0,1.7,-0.99,2019-10-04 18:53:23
528,1.6,244.6,-1.4,0.0,1.7,-0.98,2019-10-04 18:54:21
529,1.2,244.7,-1.0,0.0,1.3,-0.9,2019-10-04 18:55:22
530,1.2,245.4,-1.7,0.0,1.3,-0.9,2019-10-04 18:56:22
531,1.2,244.3,0.6,0.0,1.3,-0.9,2019-10-04 18:57:22
532,1.2,245.4,-1.6,0.0,1.3,-0.9,2019-10-04 18:58:21
533,1.2,244.6,0.6,0.0,1.3,-0.89,2019-10-04 18:59:21
534,1.2,244.7,0.9,0.0,1.3,-0.9,2019-10-04 19:00:22
535,1.2,245.1,-1.3,0.0,1.3,-0.89,2019-10-04 19:01:22
536,1.2,245.5,1.4,0.0,1.4,-0.9,2019-10-04 19:02:22
537,1.2,245.8,1.1,0.0,1.4,-0.9,2019-10-04 19:03:22
538,1.2,246.7,0.4,0.0,1.4,-0.89,2019-10-04 19:04:22
539,1.2,246.4,0.7,0.0,1.4,-0.89,2019-10-04 19:05:21
540,1.2,247.2,-1.2,0.0,1.3,-0.89,2019-10-04 19:06:22
541,1.2,245.7,1.2,0.0,1.4,-0.9,2019-10-04 19:07:21
542,1.2,245.6,-1.1,0.0,1.4,-0.9,2019-10-04 19:08:22
543,1.2,245.4,1.0,0.0,1.4,-0.89,2019-10-04 19:09:21
544,1.2,245.9,-1.0,0.0,1.3,-0.89,2019-10-04 19:10:22
545,1.2,245.0,2.0,0.0,1.3,-0.9,2019-10-04 19:11:22
546,1.2,245.7,1.3,0.0,1.4,-0.9,2019-10-04 19:12:21
547,1.0,245.0,1.4,0.0,1.1,-0.62,2019-10-04 19:13:22
548,1.0,245.2,-1.1,0.0,1.1,-0.62,2019-10-04 19:14:21
549,1.3,244.4,1.5,0.2,1.4,-0.94,2019-10-04 19:15:22
550,1.2,245.2,-1.0,0.0,1.3,-0.94,2019-10-04 19:16:22
551,1.2,243.3,2.3,0.0,1.3,-0.93,2019-10-04 19:17:21
552,1.2,243.0,1.6,0.0,1.3,-0.94,2019-10-04 19:18:22
553,1.2,242.9,1.7,0.0,1.3,-0.93,2019-10-04 19:19:24
554,1.2,244.2,1.8,0.0,1.3,-0.94,2019-10-04 19:20:22
555,1.2,245.1,-1.6,0.0,1.3,-0.93,2019-10-04 19:21:22
556,1.2,245.7,-1.5,0.0,1.3,-0.93,2019-10-04 19:22:22
557,1.2,243.9,2.1,0.0,1.2,-0.93,2019-10-04 19:23:21
558,1.2,245.0,0.6,0.0,1.2,-0.93,2019-10-04 19:24:21
559,1.1,245.6,-1.3,0.0,1.2,-0.93,2019-10-04 19:25:21
560,1.1,245.2,1.1,0.0,1.2,-0.93,2019-10-04 19:26:23
561,1.1,244.7,1.0,0.0,1.2,-0.93,2019-10-04 19:27:22
562,1.2,245.0,1.3,0.0,1.2,-0.93,2019-10-04 19:28:22
563,1.2,246.1,-2.6,0.0,1.3,-0.93,2019-10-04 19:29:21
564,1.2,246.5,-1.6,0.0,1.3,-0.93,2019-10-04 19:30:22
565,1.6,246.0,1.1,0.2,1.7,-0.98,2019-10-04 19:31:22
566,1.6,244.8,1.5,0.0,1.6,-0.98,2019-10-04 19:32:22
567,1.6,244.3,1.6,0.0,1.6,-0.98,2019-10-04 19:33:22
568,1.6,244.7,-1.1,0.0,1.6,-0.99,2019-10-04 19:34:22
569,1.6,243.6,1.8,0.0,1.6,-0.99,2019-10-04 19:35:22
570,1.6,244.9,1.1,0.0,1.6,-0.98,2019-10-04 19:36:21
571,1.6,245.1,1.0,0.0,1.6,-0.98,2019-10-04 19:37:22
572,1.6,244.5,1.4,0.0,1.6,-0.98,2019-10-04 19:38:22
573,1.6,244.6,1.3,0.0,1.6,-0.98,2019-10-04 19:39:21
574,1.6,244.7,1.1,0.0,1.6,-0.98,2019-10-04 19:40:23
575,1.2,245.1,-1.4,0.0,1.2,-0.89,2019-10-04 19:41:22
576,1.2,245.3,0.3,0.0,1.2,-0.9,2019-10-04 19:42:22
577,1.1,244.9,1.1,0.0,1.2,-0.89,2019-10-04 19:43:22
578,1.1,245.0,1.0,0.0,1.1,-0.88,2019-10-04 19:44:22
579,1.1,245.5,-1.1,0.0,1.1,-0.88,2019-10-04 19:45:21
580,1.1,245.3,1.1,0.0,1.1,-0.88,2019-10-04 19:46:21
581,1.0,245.1,-1.0,0.0,1.1,-0.87,2019-10-04 19:47:22
582,1.1,244.5,1.1,0.0,1.1,-0.88,2019-10-04 19:48:22
583,1.1,244.6,1.5,0.0,1.1,-0.88,2019-10-04 19:49:21
584,1.2,245.2,-1.0,0.0,1.2,-0.89,2019-10-04 19:50:21
585,1.2,245.4,-1.4,0.0,1.3,-0.89,2019-10-04 19:51:21
586,1.2,244.9,1.0,0.0,1.3,-0.89,2019-10-04 19:52:21
587,1.2,244.2,1.4,0.0,1.3,-0.9,2019-10-04 19:53:22
588,1.2,244.1,1.3,0.0,1.3,-0.89,2019-10-04 19:54:22
589,1.2,245.1,1.0,0.0,1.2,-0.89,2019-10-04 19:55:22
590,0.9,246.3,-2.3,0.0,1.0,-0.53,2019-10-04 19:56:21
591,0.9,245.5,1.1,0.0,1.0,-0.57,2019-10-04 19:57:22
592,0.9,245.2,1.2,0.0,1.0,-0.57,2019-10-04 19:58:21
593,0.9,245.8,-1.5,0.0,0.9,-0.51,2019-10-04 19:59:22
594,1.0,245.8,-1.1,0.0,1.0,-0.59,2019-10-04 20:00:22
595,1.2,245.8,1.3,0.0,1.3,-0.94,2019-10-04 20:01:22
596,1.2,245.1,1.5,0.0,1.3,-0.93,2019-10-04 20:02:22
597,1.1,245.4,1.0,0.0,1.3,-0.93,2019-10-04 20:03:22
598,1.2,245.6,1.3,0.0,1.3,-0.93,2019-10-04 20:04:22
599,1.2,245.8,-1.1,0.0,1.3,-0.93,2019-10-04 20:05:22
600,1.2,245.5,1.1,0.0,1.4,-0.93,2019-10-04 20:06:21
601,1.2,245.1,-1.1,0.0,1.3,-0.93,2019-10-04 20:07:22
602,1.2,245.5,-1.3,0.0,1.3,-0.93,2019-10-04 20:08:21
603,1.2,244.0,2.6,0.0,1.3,-0.93,2019-10-04 20:09:22
604,1.2,244.8,0.8,0.0,1.3,-0.93,2019-10-04 20:10:22
605,1.2,245.0,0.6,0.0,1.2,-0.93,2019-10-04 20:11:22
606,1.7,244.8,0.8,0.5,1.7,-0.99,2019-10-04 20:12:22
607,1.7,244.8,1.1,0.0,1.8,-0.99,2019-10-04 20:13:22
608,1.7,244.0,2.1,0.0,1.7,-0.99,2019-10-04 20:14:22
609,1.6,244.6,0.8,0.0,1.7,-0.98,2019-10-04 20:15:22
610,1.6,244.8,1.1,0.0,1.7,-0.99,2019-10-04 20:16:22
611,1.6,248.1,-3.6,0.0,1.7,-0.99,2019-10-04 20:17:21
612,1.6,247.9,-1.4,0.0,1.7,-0.98,2019-10-04 20:18:22
613,1.6,246.6,1.5,0.0,1.7,-0.99,2019-10-04 20:19:21
614,1.5,246.0,1.5,0.0,1.5,-0.99,2019-10-04 20:20:21
615,1.5,247.1,-1.6,0.0,1.5,-0.98,2019-10-04 20:21:21
616,1.5,246.3,1.3,0.0,1.6,-0.99,2019-10-04 20:22:21
617,1.5,245.9,2.1,0.0,1.6,-0.99,2019-10-04 20:23:21
618,1.5,245.1,1.3,0.0,1.5,-0.99,2019-10-04 20:24:21
619,1.6,245.5,1.6,0.0,1.6,-0.99,2019-10-04 20:25:21
620,1.6,244.7,1.5,0.0,1.6,-0.99,2019-10-04 20:26:22
621,1.6,243.5,2.4,0.0,1.6,-0.99,2019-10-04 20:27:22
622,1.5,243.7,-1.1,0.0,1.5,-0.99,2019-10-04 20:28:22
623,1.1,244.5,1.3,0.0,1.1,-0.89,2019-10-04 20:29:22
624,1.2,245.4,-1.3,0.0,1.2,-0.9,2019-10-04 20:30:22
625,1.2,245.4,-1.0,0.0,1.3,-0.9,2019-10-04 20:31:21
626,1.1,244.0,1.6,0.0,1.2,-0.89,2019-10-04 20:32:22
627,1.2,246.2,-2.2,0.0,1.2,-0.89,2019-10-04 20:33:21
628,1.1,245.9,0.5,0.0,1.1,-0.88,2019-10-04 20:34:21
629,1.2,246.0,-1.0,0.0,1.2,-0.89,2019-10-04 20:35:22
630,1.1,245.0,2.1,0.0,1.2,-0.89,2019-10-04 20:36:22
631,1.1,245.1,1.1,0.0,1.1,-0.88,2019-10-04 20:37:22
632,1.1,247.1,-2.1,0.0,1.2,-0.89,2019-10-04 20:38:21
633,1.1,246.2,1.5,0.0,1.2,-0.89,2019-10-04 20:39:22
634,1.1,246.2,1.0,0.0,1.2,-0.89,2019-10-04 20:40:22
635,1.1,246.0,-1.1,0.0,1.2,-0.88,2019-10-04 20:41:22
636,1.2,245.7,-1.0,0.0,1.2,-0.89,2019-10-04 20:42:22
637,1.2,245.1,1.3,0.0,1.2,-0.9,2019-10-04 20:43:22
638,1.2,244.4,1.2,0.0,1.2,-0.89,2019-10-04 20:44:22
639,1.2,243.8,1.8,0.0,1.2,-0.9,2019-10-04 20:45:21
640,1.2,244.8,-1.3,0.0,1.2,-0.89,2019-10-04 20:46:22
641,1.1,245.7,-1.5,0.0,1.1,-0.89,2019-10-04 20:47:22
642,1.1,245.4,-1.3,0.0,1.1,-0.89,2019-10-04 20:48:21
643,1.0,244.0,1.6,0.0,1.0,-0.92,2019-10-04 20:50:21
644,1.0,243.9,0.3,0.0,1.0,-0.92,2019-10-04 20:51:22
645,1.0,244.5,1.0,0.0,1.0,-0.93,2019-10-04 20:52:22
646,1.1,245.3,-1.0,0.0,1.1,-0.92,2019-10-04 20:53:22
647,1.1,244.3,1.1,0.0,1.0,-0.93,2019-10-04 20:54:22
648,1.0,244.1,1.3,0.0,1.0,-0.92,2019-10-04 20:55:23
649,1.1,244.7,1.7,0.0,1.1,-0.92,2019-10-04 20:56:22
650,1.0,246.4,-1.4,0.0,1.0,-0.92,2019-10-04 20:57:21
651,1.2,246.4,1.1,0.0,1.2,-0.93,2019-10-04 20:58:22
652,1.2,245.8,1.1,0.0,1.1,-0.93,2019-10-04 20:59:21
653,1.1,246.3,-2.0,0.0,1.1,-0.93,2019-10-04 21:00:21
654,1.1,244.3,3.1,0.0,1.2,-0.93,2019-10-04 21:01:22
655,1.1,244.6,-1.3,0.0,1.2,-0.93,2019-10-04 21:02:22
656,0.9,244.7,-1.0,0.0,0.9,-0.91,2019-10-04 21:03:21
657,1.2,243.2,2.3,0.0,1.1,-0.93,2019-10-04 21:04:22
658,1.2,243.9,0.5,0.0,1.2,-0.94,2019-10-04 21:05:22
659,1.2,245.0,-1.6,0.0,1.2,-0.94,2019-10-04 21:06:22
660,1.2,244.4,1.3,0.0,1.2,-0.93,2019-10-04 21:07:21
661,1.2,244.9,-1.4,0.0,1.2,-0.93,2019-10-04 21:08:22
662,1.6,242.0,3.3,0.3,1.6,-0.99,2019-10-04 21:09:21
663,1.6,244.1,-2.3,0.0,1.6,-0.99,2019-10-04 21:10:22
664,1.6,243.8,1.6,0.0,1.6,-0.99,2019-10-04 21:11:21
665,1.6,244.4,1.0,0.0,1.6,-0.99,2019-10-04 21:12:22
666,1.4,244.4,1.5,0.0,1.4,-0.99,2019-10-04 21:13:22
667,1.2,244.8,-1.6,0.0,1.2,-0.9,2019-10-04 21:14:21
668,1.1,243.6,1.3,0.0,1.1,-0.88,2019-10-04 21:15:22
669,1.2,244.9,-1.5,0.0,1.2,-0.9,2019-10-04 21:16:22
670,1.2,243.2,2.0,0.0,1.2,-0.9,2019-10-04 21:17:22
671,1.2,245.1,-2.4,0.0,1.2,-0.9,2019-10-04 21:18:21
672,1.2,242.8,2.1,0.0,1.2,-0.9,2019-10-04 21:19:22
673,1.2,245.1,-2.1,0.0,1.2,-0.9,2019-10-04 21:20:23
674,1.2,244.3,1.3,0.0,1.2,-0.9,2019-10-04 21:21:21
675,1.2,245.4,-1.8,0.0,1.2,-0.9,2019-10-04 21:22:21
676,1.2,245.0,-1.0,0.0,1.2,-0.9,2019-10-04 21:23:22
677,1.2,244.0,1.3,0.0,1.2,-0.9,2019-10-04 21:24:22
678,1.2,243.9,1.0,0.0,1.2,-0.9,2019-10-04 21:25:22
679,1.2,245.1,-1.8,0.0,1.2,-0.9,2019-10-04 21:26:22
680,1.3,244.3,0.6,0.0,1.3,-0.9,2019-10-04 21:27:22
681,1.2,244.0,1.1,0.0,1.2,-0.9,2019-10-04 21:28:22
682,1.2,244.2,1.0,0.0,1.2,-0.9,2019-10-04 21:29:22
683,1.2,244.7,-1.3,0.0,1.2,-0.9,2019-10-04 21:30:22
684,1.2,243.8,1.1,0.0,1.2,-0.9,2019-10-04 21:31:22
685,1.3,243.5,1.6,0.0,1.3,-0.91,2019-10-04 21:32:22
686,1.2,244.3,0.8,0.0,1.3,-0.9,2019-10-04 21:33:21
687,1.7,244.2,1.1,0.1,1.7,-0.99,2019-10-04 21:34:22
688,1.7,244.5,-1.0,0.0,1.7,-0.99,2019-10-04 21:35:21
689,1.6,243.9,1.7,0.0,1.6,-0.99,2019-10-04 21:36:22
690,1.2,246.1,-3.5,0.0,1.2,-0.93,2019-10-04 21:37:22
691,1.2,245.9,-1.1,0.0,1.2,-0.93,2019-10-04 21:38:22
692,1.2,245.1,1.0,0.0,1.2,-0.94,2019-10-04 21:39:22
693,1.2,245.9,0.7,0.0,1.2,-0.94,2019-10-04 21:40:21
694,1.2,245.8,1.0,0.0,1.2,-0.93,2019-10-04 21:41:22
695,1.2,245.8,-1.6,0.0,1.2,-0.93,2019-10-04 21:42:22
696,1.2,245.4,1.1,0.0,1.2,-0.93,2019-10-04 21:43:21
697,1.2,245.4,0.6,0.0,1.2,-0.93,2019-10-04 21:44:22
698,1.2,245.6,0.8,0.0,1.2,-0.93,2019-10-04 21:45:22
699,1.2,246.0,-1.1,0.0,1.2,-0.93,2019-10-04 21:46:22
700,1.2,246.0,-1.3,0.0,1.2,-0.93,2019-10-04 21:47:21
701,1.2,245.6,-1.1,0.0,1.2,-0.93,2019-10-04 21:48:22
702,1.2,245.4,-1.2,0.0,1.2,-0.93,2019-10-04 21:49:22
703,1.2,245.9,-1.6,0.0,1.2,-0.93,2019-10-04 21:50:21
704,1.2,245.9,-1.2,0.0,1.2,-0.93,2019-10-04 21:51:21
705,1.2,245.7,-1.3,0.0,1.2,-0.93,2019-10-04 21:52:22
706,1.2,245.9,-1.6,0.0,1.2,-0.93,2019-10-04 21:53:21
707,1.2,245.9,1.3,0.0,1.2,-0.93,2019-10-04 21:54:21
708,1.2,245.7,0.8,0.0,1.2,-0.93,2019-10-04 21:55:21
709,1.2,245.5,1.0,0.0,1.2,-0.93,2019-10-04 21:56:22
710,1.2,245.5,1.1,0.0,1.2,-0.93,2019-10-04 21:57:21
711,1.2,246.8,-2.3,0.3,1.3,-0.9,2019-10-04 21:58:21
712,1.2,247.2,-1.3,0.0,1.3,-0.9,2019-10-04 21:59:22
713,1.2,245.0,2.6,0.0,1.3,-0.9,2019-10-04 22:00:22
714,1.2,244.0,2.3,0.0,1.3,-0.9,2019-10-04 22:01:22
715,0.8,244.7,1.1,0.0,0.8,-0.84,2019-10-04 22:02:22
716,0.8,243.1,2.0,0.0,0.8,-0.84,2019-10-04 22:03:22
717,0.8,245.4,-2.2,0.0,0.8,-0.89,2019-10-04 22:04:22
718,0.8,244.1,0.8,0.0,0.8,-0.89,2019-10-04 22:05:21
719,0.8,244.2,0.9,0.0,0.9,-0.91,2019-10-04 22:06:23
720,0.8,244.6,0.5,0.0,0.8,-0.9,2019-10-04 22:07:22
721,0.8,244.6,0.8,0.0,0.9,-0.89,2019-10-04 22:08:21
722,0.9,242.3,2.3,0.0,0.9,-0.89,2019-10-04 22:09:21
723,0.8,241.2,1.9,0.0,0.9,-0.89,2019-10-04 22:10:23
724,0.9,241.9,-1.4,0.0,0.9,-0.89,2019-10-04 22:11:21
725,0.9,241.7,1.5,0.0,0.9,-0.89,2019-10-04 22:12:22
726,0.8,241.9,0.5,0.0,0.9,-0.89,2019-10-04 22:13:22
727,0.8,242.3,-1.3,0.0,0.9,-0.89,2019-10-04 22:14:22
728,0.8,243.3,-1.5,0.0,0.8,-0.88,2019-10-04 22:15:22
729,0.8,242.8,0.8,0.0,0.8,-0.87,2019-10-04 22:16:22
730,0.8,242.2,1.5,0.0,0.8,-0.88,2019-10-04 22:17:22
731,0.8,242.4,-1.1,0.0,0.8,-0.88,2019-10-04 22:18:22
732,1.2,242.3,1.1,0.7,1.2,0.99,2019-10-04 22:19:22
733,1.1,242.2,0.6,0.0,1.2,0.99,2019-10-04 22:20:22
734,1.1,241.9,0.8,0.0,1.2,0.99,2019-10-04 22:21:22
735,1.2,241.6,1.0,0.0,1.2,0.98,2019-10-04 22:22:22
736,1.2,241.7,1.3,0.0,1.2,0.99,2019-10-04 22:23:21
737,1.2,242.9,-1.6,0.0,1.2,0.98,2019-10-04 22:24:21
738,1.2,242.6,1.0,0.0,1.2,0.99,2019-10-04 22:25:22
739,1.1,242.5,-1.0,0.0,1.2,0.98,2019-10-04 22:26:21
740,1.2,242.6,0.5,0.0,1.2,0.98,2019-10-04 22:27:23
741,1.1,242.5,-1.3,0.0,1.2,0.98,2019-10-04 22:28:22
742,1.1,241.5,1.3,0.0,1.2,0.99,2019-10-04 22:29:23
743,0.7,242.5,-1.5,0.0,0.7,-0.92,2019-10-04 22:30:22
744,0.7,242.9,-1.4,0.0,0.7,-0.91,2019-10-04 22:31:21
745,0.7,242.5,0.6,0.0,0.7,-0.92,2019-10-04 22:32:21
746,0.7,242.6,-1.3,0.0,0.7,-0.92,2019-10-04 22:33:22
747,0.7,242.9,-1.3,0.0,0.7,-0.92,2019-10-04 22:34:22
748,0.7,243.1,-2.0,0.0,0.7,-0.92,2019-10-04 22:35:21
749,0.7,242.6,1.3,0.0,0.7,-0.91,2019-10-04 22:36:22
750,0.7,242.4,0.6,0.0,0.7,-0.91,2019-10-04 22:37:21
751,0.7,243.6,-1.8,0.0,0.7,-0.92,2019-10-04 22:38:22
752,0.7,242.5,1.5,0.0,0.7,-0.91,2019-10-04 22:39:22
753,0.7,242.4,0.8,0.0,0.6,-0.92,2019-10-04 22:40:22
754,0.7,242.3,1.1,0.0,0.6,-0.92,2019-10-04 22:41:22
755,0.7,242.2,0.9,0.0,0.7,-0.92,2019-10-04 22:42:22
756,0.7,242.0,1.1,0.0,0.7,-0.92,2019-10-04 22:43:22
757,0.7,242.1,0.8,0.0,0.7,-0.92,2019-10-04 22:44:22
758,0.6,242.2,1.2,0.0,0.6,-0.27,2019-10-04 22:45:21
759,0.6,242.4,0.8,0.0,0.6,-0.27,2019-10-04 22:46:21
760,0.6,242.2,1.4,0.0,0.6,-0.26,2019-10-04 22:47:21
761,0.6,242.3,1.3,0.0,0.6,-0.27,2019-10-04 22:48:21
762,0.7,242.1,1.6,0.0,0.7,-0.86,2019-10-04 22:51:22
763,0.7,241.9,0.8,0.0,0.7,-0.87,2019-10-04 22:52:22
764,0.7,241.9,1.3,0.0,0.7,-0.87,2019-10-04 22:53:22
765,0.7,242.1,1.8,0.0,0.7,-0.86,2019-10-04 22:54:22
766,0.7,241.1,1.8,0.0,0.7,-0.86,2019-10-04 22:55:22
767,0.7,243.2,-2.3,0.0,0.7,-0.86,2019-10-04 22:56:22
768,0.8,241.8,1.1,0.0,0.7,-0.86,2019-10-04 22:57:22
769,0.7,241.8,0.8,0.0,0.7,-0.86,2019-10-04 22:58:22
770,0.7,241.8,0.8,0.0,0.7,-0.86,2019-10-04 22:59:21
771,0.7,241.9,1.0,0.0,0.7,-0.86,2019-10-04 23:00:22
772,0.7,241.7,1.2,0.0,0.7,-0.85,2019-10-04 23:01:22
773,0.7,242.7,-2.5,0.0,0.6,-0.87,2019-10-04 23:02:22
774,0.7,242.2,1.2,0.0,0.6,-0.86,2019-10-04 23:03:22
775,0.7,242.9,-1.4,0.0,0.7,-0.86,2019-10-04 23:04:22
776,0.7,241.8,1.5,0.0,0.7,-0.86,2019-10-04 23:05:22
777,1.2,242.1,1.8,0.1,1.2,0.98,2019-10-04 23:06:22
778,1.1,242.7,-1.0,0.0,1.1,0.98,2019-10-04 23:07:25
779,1.1,243.1,-1.1,0.0,1.1,0.98,2019-10-04 23:08:22
780,1.1,243.5,-1.3,0.0,1.1,0.99,2019-10-04 23:09:22
781,1.1,243.9,0.5,0.0,1.2,0.98,2019-10-04 23:10:23
782,1.1,244.7,-1.7,0.0,1.2,0.98,2019-10-04 23:11:22
783,1.1,245.2,-1.5,0.0,1.2,0.98,2019-10-04 23:12:22
784,0.7,244.2,1.7,0.0,0.7,-0.92,2019-10-04 23:13:22
785,0.7,244.5,-1.1,0.0,0.7,-0.92,2019-10-04 23:14:21
786,0.7,244.3,0.6,0.0,0.7,-0.92,2019-10-04 23:15:22
787,0.7,244.4,-1.0,0.0,0.7,-0.91,2019-10-04 23:16:22
788,0.7,243.3,1.8,0.0,0.7,-0.91,2019-10-04 23:17:22
789,0.7,243.4,0.8,0.0,0.7,-0.92,2019-10-04 23:18:21
790,0.7,243.8,0.3,0.0,0.7,-0.92,2019-10-04 23:19:22
791,0.7,243.7,1.0,0.0,0.7,-0.91,2019-10-04 23:20:22
792,0.7,243.7,-1.3,0.0,0.7,-0.92,2019-10-04 23:21:22
793,0.7,243.4,1.0,0.0,0.7,-0.92,2019-10-04 23:22:22
794,0.7,243.7,1.1,0.0,0.7,-0.92,2019-10-04 23:23:23
795,0.7,244.4,-1.4,0.0,0.7,-0.92,2019-10-04 23:24:23
796,0.7,244.3,-1.6,0.0,0.8,-0.92,2019-10-04 23:25:21
797,0.7,243.5,1.1,0.0,0.7,-0.92,2019-10-04 23:26:21
798,0.7,244.0,-1.0,0.0,0.7,-0.92,2019-10-04 23:27:22
799,0.7,243.9,1.1,0.0,0.7,-0.91,2019-10-04 23:28:22
800,0.6,244.7,-1.2,0.0,0.7,-0.26,2019-10-04 23:29:21
801,0.6,244.8,-1.3,0.0,0.7,-0.26,2019-10-04 23:30:22
802,0.6,244.4,1.2,0.0,0.7,-0.28,2019-10-04 23:31:22
803,0.6,244.5,-1.3,0.0,0.6,-0.27,2019-10-04 23:32:22
804,0.6,244.6,-1.9,0.0,0.6,-0.27,2019-10-04 23:33:22
805,0.6,244.2,0.9,0.0,0.6,-0.27,2019-10-04 23:34:22
806,0.7,243.5,1.9,0.3,0.8,-0.87,2019-10-04 23:35:22
807,0.7,245.1,-1.4,0.0,0.8,-0.86,2019-10-04 23:36:22
808,0.7,244.2,1.1,0.0,0.8,-0.86,2019-10-04 23:37:23
809,0.7,245.3,-1.6,0.0,0.8,-0.86,2019-10-04 23:38:22
810,0.7,245.0,1.1,0.0,0.7,-0.86,2019-10-04 23:39:22
811,0.7,244.3,1.1,0.0,0.7,-0.86,2019-10-04 23:40:22
812,0.7,245.1,-1.3,0.0,0.7,-0.86,2019-10-04 23:41:22
813,0.7,244.3,1.1,0.0,0.7,-0.86,2019-10-04 23:42:22
814,0.7,244.8,1.1,0.0,0.7,-0.85,2019-10-04 23:43:22
815,0.7,244.7,1.1,0.0,0.7,-0.86,2019-10-04 23:44:22
816,0.7,245.5,-1.0,0.0,0.7,-0.85,2019-10-04 23:45:22
817,0.7,244.6,1.5,0.0,0.7,-0.86,2019-10-04 23:46:22
818,0.7,245.6,-1.3,0.0,0.7,-0.85,2019-10-04 23:47:21
819,0.7,244.8,1.5,0.0,0.7,-0.86,2019-10-04 23:48:22
820,0.7,245.6,-1.5,0.0,0.7,-0.86,2019-10-04 23:49:22
821,1.2,245.8,-1.5,0.0,1.2,0.99,2019-10-04 23:50:21
822,1.1,245.0,0.6,0.0,1.1,0.98,2019-10-04 23:51:23
823,1.1,245.4,-1.0,0.0,1.1,0.99,2019-10-04 23:52:21
824,1.1,244.4,1.1,0.0,1.1,0.99,2019-10-04 23:53:22
825,2.7,245.1,-1.6,0.0,2.7,-0.98,2019-10-04 23:54:21
826,2.7,244.6,0.6,0.0,2.6,-0.99,2019-10-04 23:55:21
827,2.7,245.2,-1.2,0.0,2.6,-0.99,2019-10-04 23:56:22
828,2.2,245.0,1.1,0.0,2.2,-0.95,2019-10-04 23:57:21
829,2.3,245.9,-1.6,0.0,2.2,-0.95,2019-10-04 23:58:22
830,2.3,244.7,1.6,0.0,2.2,-0.95,2019-10-04 23:59:22
831,2.3,246.1,-1.1,0.0,2.2,-0.95,2019-10-05 00:00:22
832,2.3,246.1,-1.0,0.0,2.2,-0.95,2019-10-05 00:01:22
833,2.3,245.7,0.9,0.0,2.3,-0.95,2019-10-05 00:02:21
834,2.3,245.9,0.6,0.0,2.2,-0.95,2019-10-05 00:03:21
835,0.6,245.5,1.3,0.0,0.6,-0.27,2019-10-05 00:04:22
836,0.6,246.7,-1.1,0.0,0.6,-0.26,2019-10-05 00:05:21
837,0.6,246.1,1.3,0.0,0.6,-0.26,2019-10-05 00:06:21
838,0.6,244.9,2.3,0.0,0.6,-0.27,2019-10-05 00:07:22
839,0.7,243.8,1.1,0.0,0.6,-0.29,2019-10-05 00:08:21
840,0.6,244.2,0.8,0.0,0.6,-0.27,2019-10-05 00:09:22
841,0.6,244.1,-1.1,0.0,0.6,-0.27,2019-10-05 00:10:23
842,0.6,243.9,1.0,0.0,0.6,-0.27,2019-10-05 00:11:22
843,0.6,243.7,1.5,0.0,0.5,-0.26,2019-10-05 00:12:22
844,0.6,243.6,1.3,0.0,0.6,-0.26,2019-10-05 00:13:22
845,0.6,244.2,1.7,0.0,0.6,-0.27,2019-10-05 00:14:22
846,0.6,243.7,2.4,0.0,0.6,-0.26,2019-10-05 00:15:22
847,0.6,244.5,1.3,0.0,0.6,-0.26,2019-10-05 00:16:21
848,0.6,243.8,1.1,0.0,0.6,-0.26,2019-10-05 00:17:22
849,0.6,244.6,-1.3,0.0,0.6,-0.27,2019-10-05 00:18:22
850,0.8,243.9,-1.0,0.3,0.8,-0.93,2019-10-05 00:19:21
851,1.2,244.4,-1.8,0.0,1.2,0.98,2019-10-05 00:20:22
852,1.2,243.6,1.5,0.0,1.2,0.98,2019-10-05 00:21:22
853,1.2,243.8,0.8,0.0,1.2,0.98,2019-10-05 00:22:22
854,1.2,243.9,1.0,0.0,1.2,0.98,2019-10-05 00:23:21
855,1.2,242.9,2.1,0.0,1.2,0.98,2019-10-05 00:24:22
856,1.2,244.4,-1.9,0.0,1.2,0.98,2019-10-05 00:25:22
857,1.2,243.6,1.3,0.0,1.2,0.99,2019-10-05 00:26:22
858,1.2,243.5,1.1,0.0,1.2,0.98,2019-10-05 00:27:21
859,1.1,243.0,2.1,0.0,1.2,0.99,2019-10-05 00:28:22
860,1.1,243.4,1.1,0.0,1.2,0.99,2019-10-05 00:29:21
861,1.1,244.4,-1.4,0.0,1.2,0.98,2019-10-05 00:30:22
862,1.1,242.9,1.5,0.0,1.2,0.99,2019-10-05 00:31:22
863,1.2,243.9,-1.1,0.0,1.2,0.98,2019-10-05 00:32:22
864,1.1,244.2,-1.2,0.0,1.2,0.98,2019-10-05 00:33:21
865,1.1,244.5,-1.1,0.0,1.1,0.98,2019-10-05 00:34:22
866,1.2,244.1,0.8,0.0,1.2,0.98,2019-10-05 00:35:21
867,1.1,244.3,1.0,0.0,1.1,0.98,2019-10-05 00:36:22
868,1.1,245.0,1.1,0.0,1.1,0.98,2019-10-05 00:37:23
869,1.1,245.2,1.3,0.0,1.1,0.98,2019-10-05 00:38:22
870,1.1,244.8,1.1,0.0,1.1,0.99,2019-10-05 00:39:22
871,1.1,246.2,-1.8,0.0,1.1,0.98,2019-10-05 00:40:22
872,1.1,244.4,1.5,0.0,1.1,0.98,2019-10-05 00:41:22
873,1.1,244.9,1.0,0.0,1.1,0.98,2019-10-05 00:42:21
874,1.1,244.9,0.8,0.0,1.1,0.99,2019-10-05 00:43:22
875,1.2,243.9,1.2,0.0,1.1,0.99,2019-10-05 00:44:21
876,1.1,243.8,1.0,0.0,1.1,0.99,2019-10-05 00:45:22
877,1.1,244.4,-1.3,0.0,1.1,0.98,2019-10-05 00:46:22
878,1.6,245.1,-1.6,0.0,1.6,-0.98,2019-10-05 00:47:22
879,1.6,244.6,-1.3,0.0,1.6,-0.98,2019-10-05 00:48:22
880,1.6,244.1,0.8,0.0,1.6,-0.98,2019-10-05 00:50:22
881,1.6,243.5,1.6,0.0,1.6,-0.98,2019-10-05 00:51:22
882,1.6,244.0,1.0,0.0,1.6,-0.98,2019-10-05 00:52:22
883,1.5,244.5,-1.5,0.0,1.6,-0.98,2019-10-05 00:53:22
884,1.5,243.2,2.2,0.0,1.5,-0.98,2019-10-05 00:54:22
885,1.6,244.4,-1.3,0.0,1.6,-0.98,2019-10-05 00:55:22
886,1.5,243.8,1.5,0.0,1.5,-0.98,2019-10-05 00:56:21
887,1.5,244.4,-1.4,0.0,1.5,-0.98,2019-10-05 00:57:22
888,1.6,245.1,-1.3,0.0,1.6,-0.98,2019-10-05 00:58:21
889,1.5,244.3,1.1,0.0,1.5,-0.98,2019-10-05 00:59:21
890,1.5,244.0,1.0,0.0,1.5,-0.98,2019-10-05 01:00:22
891,1.5,244.0,-1.3,0.0,1.6,-0.98,2019-10-05 01:01:22
892,1.6,243.0,1.4,0.0,1.5,-0.98,2019-10-05 01:02:22
893,1.5,243.5,-1.1,0.0,1.5,-0.98,2019-10-05 01:03:22
894,1.5,243.2,0.9,0.0,1.5,-0.98,2019-10-05 01:04:21
895,1.5,243.1,-1.1,0.0,1.5,-0.98,2019-10-05 01:05:22
896,1.5,242.7,1.0,0.0,1.5,-0.98,2019-10-05 01:06:22
897,1.5,242.3,1.5,0.0,1.5,-0.98,2019-10-05 01:07:22
898,1.5,243.6,-1.5,0.0,1.5,-0.98,2019-10-05 01:08:22
899,1.5,243.3,-1.1,0.0,1.5,-0.98,2019-10-05 01:09:22
900,1.5,243.4,-1.1,0.0,1.5,-0.98,2019-10-05 01:10:23
901,1.5,242.9,1.2,0.0,1.5,-0.98,2019-10-05 01:11:21
902,1.5,242.9,1.0,0.0,1.6,-0.98,2019-10-05 01:12:22
903,1.5,243.0,1.6,0.0,1.6,-0.98,2019-10-05 01:13:21
904,0.7,243.6,0.6,0.0,0.7,-0.92,2019-10-05 01:14:21
905,0.7,243.6,0.6,0.0,0.7,-0.92,2019-10-05 01:15:22
906,0.7,244.9,-1.7,0.0,0.7,-0.91,2019-10-05 01:16:22
907,0.7,243.6,1.3,0.0,0.7,-0.92,2019-10-05 01:17:22
908,0.7,244.0,0.4,0.0,0.7,-0.92,2019-10-05 01:18:21
909,0.7,243.3,1.6,0.0,0.7,-0.92,2019-10-05 01:19:21
910,1.9,243.6,1.0,0.0,1.9,0.98,2019-10-05 01:20:22
911,1.2,243.9,-1.5,0.0,1.3,0.99,2019-10-05 01:21:22
912,1.3,243.2,1.1,0.0,1.3,0.98,2019-10-05 01:22:22
913,1.3,243.0,1.1,0.0,1.3,0.99,2019-10-05 01:23:22
914,1.3,243.4,0.5,0.0,1.3,0.99,2019-10-05 01:24:22
915,1.2,242.8,1.3,0.0,1.3,0.98,2019-10-05 01:25:21
916,1.2,244.1,-1.8,0.0,1.3,0.98,2019-10-05 01:26:22
917,1.2,243.9,-1.4,0.0,1.3,0.98,2019-10-05 01:27:23
918,1.2,243.1,0.8,0.0,1.3,0.99,2019-10-05 01:28:21
919,1.2,242.1,1.3,0.0,1.2,0.99,2019-10-05 01:29:23
920,1.2,242.9,0.8,0.0,1.3,0.99,2019-10-05 01:30:22
921,1.2,242.9,0.7,0.0,1.3,0.99,2019-10-05 01:31:21
922,1.2,241.4,2.0,0.0,1.3,0.99,2019-10-05 01:32:22
923,1.2,242.1,0.8,0.0,1.3,0.99,2019-10-05 01:33:22
924,1.2,241.8,1.1,0.0,1.3,0.99,2019-10-05 01:34:22
925,1.2,242.3,-1.0,0.0,1.2,0.99,2019-10-05 01:35:22
926,1.2,242.4,0.6,0.0,1.2,0.99,2019-10-05 01:36:22
927,1.2,242.6,-1.1,0.0,1.2,0.99,2019-10-05 01:37:21
928,0.8,242.9,-1.3,0.0,0.8,-0.88,2019-10-05 01:38:22
929,0.8,242.4,0.7,0.0,0.8,-0.87,2019-10-05 01:39:22
930,0.8,243.6,-1.6,0.0,0.8,-0.87,2019-10-05 01:40:22
931,0.8,242.5,1.3,0.0,0.8,-0.87,2019-10-05 01:41:21
932,0.8,242.4,1.0,0.0,0.8,-0.87,2019-10-05 01:42:22
933,0.8,242.4,1.0,0.0,0.8,-0.87,2019-10-05 01:43:22
934,0.8,243.3,0.3,0.0,0.8,-0.87,2019-10-05 01:44:22
935,0.8,242.8,0.8,0.0,0.8,-0.87,2019-10-05 01:45:22
936,0.8,243.4,-1.4,0.0,0.8,-0.87,2019-10-05 01:46:22
937,0.8,243.1,0.6,0.0,0.8,-0.87,2019-10-05 01:47:22
938,0.7,243.1,0.5,0.0,0.8,-0.87,2019-10-05 01:48:22
939,0.7,242.7,1.0,0.0,0.7,-0.86,2019-10-05 01:49:22
940,0.7,242.3,1.3,0.0,0.7,-0.86,2019-10-05 01:50:22
941,0.7,242.1,1.8,0.0,0.7,-0.86,2019-10-05 01:51:21
942,0.7,244.0,-2.0,0.0,0.8,-0.87,2019-10-05 01:52:22
943,0.8,242.3,2.1,0.0,0.8,-0.87,2019-10-05 01:53:22
944,0.7,243.4,-1.2,0.0,0.7,-0.86,2019-10-05 01:54:22
945,0.8,244.4,-1.7,0.0,0.8,-0.86,2019-10-05 01:55:22
946,0.7,244.1,-1.0,0.0,0.8,-0.86,2019-10-05 01:56:22
947,0.7,243.6,1.5,0.0,0.7,-0.86,2019-10-05 01:57:21
948,0.8,243.7,1.3,0.0,0.8,-0.86,2019-10-05 01:58:22
949,0.8,244.0,-1.1,0.0,0.8,-0.86,2019-10-05 01:59:21
950,0.7,244.3,-1.3,0.0,0.7,-0.86,2019-10-05 02:00:22
951,1.2,243.5,1.1,0.3,1.2,0.98,2019-10-05 02:01:22
952,1.1,244.0,0.9,0.0,1.2,0.98,2019-10-05 02:02:22
953,0.7,244.1,1.0,0.0,0.7,-0.92,2019-10-05 02:03:22
954,0.7,245.4,-1.7,0.0,0.7,-0.92,2019-10-05 02:04:22
955,0.7,244.8,1.8,0.0,0.7,-0.92,2019-10-05 02:05:22
956,0.7,245.6,-1.4,0.0,0.7,-0.92,2019-10-05 02:06:22
957,0.7,244.3,1.3,0.0,0.7,-0.92,2019-10-05 02:07:21
958,0.7,244.2,1.2,0.0,0.7,-0.93,2019-10-05 02:08:22
959,0.7,244.1,1.0,0.0,0.7,-0.93,2019-10-05 02:09:22
960,0.7,244.0,1.3,0.0,0.7,-0.91,2019-10-05 02:10:22
961,0.7,244.6,0.3,0.0,0.7,-0.92,2019-10-05 02:11:22
962,0.7,244.4,1.0,0.0,0.7,-0.92,2019-10-05 02:12:22
963,0.7,244.5,1.1,0.0,0.7,-0.92,2019-10-05 02:13:21
964,0.7,244.9,-1.2,0.0,0.7,-0.92,2019-10-05 02:14:21
965,0.7,244.7,-1.0,0.0,0.7,-0.92,2019-10-05 02:15:22
966,0.7,245.1,-1.3,0.0,0.7,-0.92,2019-10-05 02:16:22
967,0.7,244.8,0.8,0.0,0.7,-0.92,2019-10-05 02:17:21
968,0.7,244.7,0.8,0.0,0.7,-0.92,2019-10-05 02:18:22
969,0.7,244.6,1.5,0.0,0.7,-0.92,2019-10-05 02:19:22
970,0.7,243.4,2.0,0.0,0.7,-0.92,2019-10-05 02:20:22
971,0.7,243.8,-1.6,0.0,0.7,-0.92,2019-10-05 02:21:22
972,0.7,242.5,1.1,0.0,0.7,-0.92,2019-10-05 02:22:21
973,0.7,242.4,1.5,0.0,0.7,-0.92,2019-10-05 02:23:22
974,0.7,242.4,1.0,0.0,0.7,-0.92,2019-10-05 02:24:22
975,0.7,242.6,1.0,0.0,0.7,-0.92,2019-10-05 02:25:21
976,1.1,243.2,-1.3,0.3,1.1,0.99,2019-10-05 02:26:22
977,1.1,243.0,-1.1,0.0,1.1,0.98,2019-10-05 02:27:22
978,1.1,243.2,-1.0,0.0,1.1,0.98,2019-10-05 02:28:21
979,1.1,242.7,-1.1,0.0,1.1,0.99,2019-10-05 02:29:21
980,1.1,244.8,-3.3,0.0,1.1,0.99,2019-10-05 02:30:22
981,1.1,245.1,1.0,0.0,1.1,0.98,2019-10-05 02:31:22
982,0.7,244.8,-1.0,0.0,0.8,-0.84,2019-10-05 02:32:22
983,0.7,245.3,-1.5,0.0,0.8,-0.86,2019-10-05 02:33:22
984,0.7,244.9,0.5,0.0,0.8,-0.85,2019-10-05 02:34:22
985,0.7,245.1,-1.1,0.0,0.8,-0.85,2019-10-05 02:35:22
986,0.7,244.1,1.6,0.0,0.7,-0.85,2019-10-05 02:36:21
987,0.7,244.6,0.8,0.0,0.7,-0.85,2019-10-05 02:37:22
988,0.7,245.1,-1.3,0.0,0.8,-0.86,2019-10-05 02:38:22
989,0.7,244.7,-1.0,0.0,0.8,-0.86,2019-10-05 02:39:21
990,0.7,245.4,-1.5,0.0,0.8,-0.85,2019-10-05 02:40:22
991,0.7,244.5,1.0,0.0,0.8,-0.85,2019-10-05 02:41:21
992,0.7,244.5,0.3,0.0,0.8,-0.84,2019-10-05 02:42:21
993,0.7,244.7,-1.3,0.0,0.8,-0.86,2019-10-05 02:43:22
994,0.7,244.5,0.5,0.0,0.8,-0.85,2019-10-05 02:44:21
995,0.7,247.5,-3.0,0.0,0.8,-0.85,2019-10-05 02:45:22
996,0.6,247.2,1.0,0.0,0.6,-0.27,2019-10-05 02:46:22
997,0.6,247.2,1.0,0.0,0.6,-0.26,2019-10-05 02:47:22
998,0.6,247.2,1.0,0.0,0.6,-0.26,2019-10-05 02:48:22
999,0.6,247.9,1.0,0.0,0.6,-0.26,2019-10-05 02:50:22
1000,0.6,247.8,1.0,0.0,0.6,-0.27,2019-10-05 02:51:21
1001,0.6,248.0,1.0,0.0,0.6,-0.27,2019-10-05 02:52:22
1002,0.6,247.9,0.8,0.0,0.6,-0.26,2019-10-05 02:53:22
1003,0.6,247.7,0.5,0.0,0.6,-0.26,2019-10-05 02:54:22
1004,0.8,244.8,3.6,0.1,0.8,-0.94,2019-10-05 02:55:22
1005,0.7,245.2,0.9,0.0,0.7,-0.92,2019-10-05 02:56:21
1006,0.7,245.6,0.6,0.0,0.7,-0.92,2019-10-05 02:57:22
1007,0.7,245.7,0.7,0.0,0.7,-0.92,2019-10-05 02:58:22
1008,0.7,245.5,-1.3,0.0,0.7,-0.93,2019-10-05 02:59:22
1009,0.7,245.7,-1.2,0.0,0.7,-0.93,2019-10-05 03:00:22
1010,0.7,244.7,1.5,0.0,0.7,-0.91,2019-10-05 03:01:22
1011,0.7,245.2,0.7,0.0,0.7,-0.93,2019-10-05 03:02:22
1012,0.7,244.6,1.3,0.0,0.7,-0.92,2019-10-05 03:03:22
1013,0.7,244.9,1.1,0.0,0.7,-0.92,2019-10-05 03:04:22
1014,0.7,245.8,-1.1,0.0,0.7,-0.92,2019-10-05 03:05:22
1015,0.7,245.2,0.7,0.0,0.7,-0.92,2019-10-05 03:06:21
1016,0.7,245.2,-1.0,0.0,0.7,-0.92,2019-10-05 03:07:22
1017,0.7,245.7,-1.2,0.0,0.7,-0.92,2019-10-05 03:08:21
1018,0.7,245.2,0.4,0.0,0.7,-0.92,2019-10-05 03:09:21
1019,0.7,244.7,0.9,0.0,0.7,-0.92,2019-10-05 03:10:22
1020,0.7,245.4,-1.2,0.0,0.7,-0.92,2019-10-05 03:11:22
1021,1.1,245.2,-1.1,0.0,1.1,0.98,2019-10-05 03:12:22
1022,1.1,244.7,0.8,0.0,1.2,0.98,2019-10-05 03:13:22
1023,0.7,244.9,0.7,0.0,0.7,-0.85,2019-10-05 03:14:21
1024,0.7,244.9,1.0,0.0,0.7,-0.85,2019-10-05 03:15:22
1025,0.7,245.4,1.0,0.0,0.8,-0.85,2019-10-05 03:16:22
1026,0.7,245.7,-1.0,0.0,0.7,-0.85,2019-10-05 03:17:21
1027,0.7,246.3,-1.5,0.0,0.7,-0.85,2019-10-05 03:18:22
1028,0.7,246.1,-1.0,0.0,0.7,-0.85,2019-10-05 03:19:21
1029,0.7,245.3,1.1,0.0,0.7,-0.85,2019-10-05 03:20:22
1030,0.7,244.8,1.3,0.0,0.7,-0.85,2019-10-05 03:21:22
1031,0.7,245.4,-1.6,0.0,0.7,-0.85,2019-10-05 03:22:22
1032,0.7,244.9,1.1,0.0,0.7,-0.85,2019-10-05 03:23:21
1033,0.7,245.6,-1.3,0.0,0.7,-0.85,2019-10-05 03:24:22
1034,0.7,245.3,0.8,0.0,0.7,-0.85,2019-10-05 03:25:22
1035,0.7,245.2,1.3,0.0,0.7,-0.85,2019-10-05 03:26:21
1036,0.7,245.5,1.1,0.0,0.7,-0.85,2019-10-05 03:27:21
1037,0.7,245.3,1.3,0.0,0.8,-0.85,2019-10-05 03:28:22
1038,0.7,245.3,0.6,0.0,0.7,-0.85,2019-10-05 03:29:22
1039,0.7,245.1,-1.3,0.0,0.7,-0.85,2019-10-05 03:30:22
1040,0.6,245.2,0.4,0.0,0.7,-0.27,2019-10-05 03:31:22
1041,0.6,245.1,0.5,0.0,0.7,-0.28,2019-10-05 03:32:21
1042,0.6,244.7,1.4,0.0,0.7,-0.25,2019-10-05 03:33:22
1043,0.6,246.0,-1.1,0.0,0.7,-0.27,2019-10-05 03:34:22
1044,0.6,244.9,1.3,0.0,0.7,-0.27,2019-10-05 03:35:21
1045,0.8,244.6,-1.0,0.6,0.8,-0.94,2019-10-05 03:36:21
1046,0.7,244.7,0.8,0.0,0.7,-0.92,2019-10-05 03:37:21
1047,0.7,244.5,1.5,0.0,0.7,-0.92,2019-10-05 03:38:22
1048,0.7,244.0,1.1,0.0,0.7,-0.93,2019-10-05 03:39:22
1049,0.7,244.1,1.0,0.0,0.7,-0.93,2019-10-05 03:40:22
1050,0.7,244.4,0.7,0.0,0.7,-0.92,2019-10-05 03:41:22
1051,0.7,244.6,0.3,0.0,0.7,-0.93,2019-10-05 03:42:21
1052,0.7,244.7,1.0,0.0,0.7,-0.92,2019-10-05 03:43:22
1053,0.7,244.6,1.5,0.0,0.7,-0.92,2019-10-05 03:44:22
1054,0.7,245.1,-1.0,0.0,0.7,-0.91,2019-10-05 03:45:22
1055,0.7,244.3,1.6,0.0,0.7,-0.92,2019-10-05 03:46:22
1056,0.7,244.6,0.8,0.0,0.7,-0.92,2019-10-05 03:47:22
1057,0.7,244.9,0.5,0.0,0.6,-0.92,2019-10-05 03:48:22
1058,0.7,244.9,-1.1,0.0,0.6,-0.92,2019-10-05 03:49:22
1059,0.7,244.9,-1.3,0.0,0.6,-0.92,2019-10-05 03:50:22
1060,0.7,245.1,0.8,0.0,0.6,-0.92,2019-10-05 03:51:23
1061,0.7,245.4,-1.2,0.0,0.6,-0.92,2019-10-05 03:52:22
1062,0.7,244.6,1.1,0.0,0.6,-0.92,2019-10-05 03:53:22
1063,0.7,245.3,-1.1,0.0,0.6,-0.92,2019-10-05 03:54:22
1064,0.7,245.8,0.3,0.0,0.7,-0.92,2019-10-05 03:55:21
1065,0.7,245.8,0.5,0.0,0.7,-0.92,2019-10-05 03:56:22
1066,0.7,245.7,1.1,0.0,0.7,-0.91,2019-10-05 03:57:22
1067,0.7,245.4,0.7,0.0,0.7,-0.92,2019-10-05 03:58:22
1068,1.1,245.0,1.0,0.0,1.1,0.99,2019-10-05 03:59:22
1069,1.1,245.3,-1.3,0.0,1.1,0.98,2019-10-05 04:00:22
1070,0.7,245.7,-1.0,0.0,0.8,-0.85,2019-10-05 04:02:22
1071,0.7,245.0,1.1,0.0,0.7,-0.85,2019-10-05 04:03:23
1072,0.7,244.4,1.6,0.0,0.7,-0.85,2019-10-05 04:04:21
1073,0.7,245.3,0.6,0.0,0.7,-0.85,2019-10-05 04:05:22
1074,0.7,245.3,-1.1,0.0,0.7,-0.85,2019-10-05 04:06:21
1075,0.7,245.4,-1.0,0.0,0.7,-0.84,2019-10-05 04:07:21
1076,0.7,244.9,-1.3,0.0,0.7,-0.84,2019-10-05 04:08:22
1077,0.7,244.9,-1.2,0.0,0.7,-0.84,2019-10-05 04:09:21
1078,0.7,245.9,-1.2,0.0,0.7,-0.84,2019-10-05 04:10:21
1079,0.7,245.7,1.2,0.0,0.7,-0.84,2019-10-05 04:11:21
1080,0.7,244.8,1.3,0.0,0.7,-0.85,2019-10-05 04:12:22
1081,0.7,245.2,0.5,0.0,0.7,-0.84,2019-10-05 04:13:22
1082,0.7,245.4,1.0,0.0,0.7,-0.84,2019-10-05 04:14:21
1083,0.7,245.3,-1.0,0.0,0.7,-0.85,2019-10-05 04:15:21
1084,0.7,244.7,1.0,0.0,0.7,-0.84,2019-10-05 04:16:22
1085,0.6,245.4,-1.3,0.0,0.6,-0.27,2019-10-05 04:17:22
1086,0.7,245.1,1.0,0.0,0.6,-0.29,2019-10-05 04:18:22
1087,0.7,244.3,1.5,0.0,0.6,-0.27,2019-10-05 04:19:21
1088,0.6,245.2,1.1,0.0,0.6,-0.27,2019-10-05 04:20:22
1089,0.6,245.1,1.6,0.0,0.6,-0.27,2019-10-05 04:21:22
1090,0.6,245.1,1.3,0.0,0.6,-0.27,2019-10-05 04:22:21
1091,0.6,245.4,-1.1,0.0,0.6,-0.27,2019-10-05 04:23:22
1092,0.8,245.3,-1.3,0.3,0.8,-0.94,2019-10-05 04:24:22
1093,0.7,244.8,0.8,0.0,0.7,-0.93,2019-10-05 04:25:22
1094,0.7,244.4,1.1,0.0,0.6,-0.92,2019-10-05 04:26:21
1095,0.7,245.0,-1.0,0.0,0.6,-0.92,2019-10-05 04:27:22
1096,0.7,244.4,1.2,0.0,0.7,-0.92,2019-10-05 04:28:21
1097,0.7,244.7,1.1,0.0,0.7,-0.92,2019-10-05 04:29:22
1098,0.7,244.8,1.1,0.0,0.7,-0.92,2019-10-05 04:30:21
1099,0.7,245.5,-1.3,0.0,0.7,-0.92,2019-10-05 04:31:22
1100,0.7,244.7,1.6,0.0,0.6,-0.92,2019-10-05 04:32:22
1101,0.7,245.4,1.0,0.0,0.7,-0.92,2019-10-05 04:33:21
1102,0.7,245.1,1.0,0.0,0.7,-0.92,2019-10-05 04:34:22
1103,0.7,244.7,1.8,0.0,0.6,-0.92,2019-10-05 04:35:22
1104,0.7,244.4,1.2,0.0,0.7,-0.92,2019-10-05 04:36:22
1105,0.7,245.0,0.8,0.0,0.7,-0.92,2019-10-05 04:37:22
1106,0.7,244.7,1.0,0.0,0.6,-0.92,2019-10-05 04:38:22
1107,0.7,244.6,1.0,0.0,0.6,-0.91,2019-10-05 04:39:22
1108,0.7,245.1,0.6,0.0,0.6,-0.91,2019-10-05 04:40:22
1109,0.7,245.2,1.1,0.0,0.6,-0.91,2019-10-05 04:41:22
1110,0.7,244.5,1.5,0.0,0.6,-0.91,2019-10-05 04:42:22
1111,0.7,245.4,-1.1,0.0,0.6,-0.91,2019-10-05 04:43:21
1112,0.7,244.8,0.8,0.0,0.7,-0.91,2019-10-05 04:44:21
1113,0.7,245.1,0.6,0.0,0.6,-0.91,2019-10-05 04:45:22
1114,0.7,246.0,-1.8,0.3,0.7,-0.86,2019-10-05 04:46:22
1115,0.7,244.9,1.0,0.0,0.7,-0.85,2019-10-05 04:47:22
1116,0.7,245.2,-1.0,0.0,0.7,-0.85,2019-10-05 04:48:21
1117,0.7,245.3,0.6,0.0,0.7,-0.85,2019-10-05 04:50:22
1118,0.7,244.9,1.0,0.0,0.7,-0.85,2019-10-05 04:51:21
1119,0.7,245.6,-1.1,0.0,0.7,-0.85,2019-10-05 04:52:22
1120,0.7,245.8,-1.3,0.0,0.7,-0.85,2019-10-05 04:53:23
1121,0.7,245.7,-1.5,0.0,0.7,-0.84,2019-10-05 04:54:22
1122,0.7,245.5,-1.3,0.0,0.7,-0.84,2019-10-05 04:55:22
1123,0.7,245.3,-1.0,0.0,0.7,-0.84,2019-10-05 04:56:21
1124,0.7,245.5,1.1,0.0,0.7,-0.85,2019-10-05 04:57:22
1125,0.7,245.6,-1.1,0.0,0.7,-0.84,2019-10-05 04:58:22
1126,0.7,245.1,1.0,0.0,0.7,-0.85,2019-10-05 04:59:21
1127,0.7,245.0,0.9,0.0,0.7,-0.85,2019-10-05 05:00:22
1128,0.7,244.8,0.8,0.0,0.7,-0.85,2019-10-05 05:01:22
1129,0.7,245.1,0.6,0.0,0.7,-0.85,2019-10-05 05:02:22
1130,0.6,245.2,-1.0,0.0,0.6,-0.25,2019-10-05 05:03:22
1131,0.6,244.9,0.7,0.0,0.6,-0.26,2019-10-05 05:04:22
1132,0.6,244.7,1.5,0.0,0.6,-0.26,2019-10-05 05:05:22
1133,0.6,245.0,0.9,0.0,0.6,-0.26,2019-10-05 05:06:22
1134,0.6,244.6,1.3,0.0,0.6,-0.26,2019-10-05 05:07:22
1135,0.7,244.1,1.8,0.0,0.7,-0.29,2019-10-05 05:08:22
1136,0.8,244.0,1.5,0.2,0.8,-0.94,2019-10-05 05:09:21
1137,0.7,245.1,-1.5,0.0,0.7,-0.93,2019-10-05 05:10:21
1138,0.7,245.1,-1.5,0.0,0.7,-0.92,2019-10-05 05:11:22
1139,0.7,244.7,1.2,0.0,0.7,-0.92,2019-10-05 05:12:22
1140,0.7,245.9,-1.4,0.0,0.7,-0.92,2019-10-05 05:13:22
1141,0.7,245.6,-1.1,0.0,0.7,-0.93,2019-10-05 05:14:22
1142,0.7,245.5,1.0,0.0,0.7,-0.92,2019-10-05 05:15:22
1143,0.7,245.4,1.0,0.0,0.7,-0.92,2019-10-05 05:16:22
1144,0.7,245.3,0.8,0.0,0.7,-0.92,2019-10-05 05:17:22
1145,0.7,244.6,1.8,0.0,0.7,-0.92,2019-10-05 05:18:22
1146,0.7,244.8,1.5,0.0,0.7,-0.92,2019-10-05 05:19:22
1147,0.7,245.0,1.0,0.0,0.7,-0.91,2019-10-05 05:20:22
1148,0.7,245.3,1.5,0.0,0.7,-0.92,2019-10-05 05:21:21
1149,0.7,244.8,-1.0,0.0,0.7,-0.92,2019-10-05 05:22:21
1150,0.7,244.5,1.5,0.0,0.7,-0.92,2019-10-05 05:23:21
1151,0.7,244.5,0.9,0.0,0.7,-0.91,2019-10-05 05:24:21
1152,0.7,244.9,-1.0,0.0,0.7,-0.91,2019-10-05 05:25:21
1153,0.7,244.1,2.1,0.0,0.6,-0.92,2019-10-05 05:26:22
1154,0.7,244.3,-1.1,0.0,0.6,-0.92,2019-10-05 05:27:22
1155,0.7,244.7,-1.2,0.0,0.6,-0.91,2019-10-05 05:28:22
1156,0.7,244.7,1.0,0.0,0.7,-0.92,2019-10-05 05:29:22
1157,0.7,245.4,-1.2,0.0,0.7,-0.92,2019-10-05 05:30:23
1158,0.7,245.4,-1.1,0.0,0.6,-0.91,2019-10-05 05:31:22
1159,0.6,245.6,-1.1,0.0,0.6,-0.28,2019-10-05 05:32:22
1160,0.6,245.4,-1.2,0.0,0.6,-0.26,2019-10-05 05:33:22
1161,0.7,245.8,-1.3,0.0,0.7,-0.84,2019-10-05 05:34:22
1162,0.7,245.3,1.3,0.0,0.7,-0.85,2019-10-05 05:35:21
1163,0.7,245.8,-1.1,0.0,0.7,-0.85,2019-10-05 05:36:21
1164,0.9,244.9,1.5,0.0,0.9,-0.63,2019-10-05 05:37:21
1165,0.9,245.6,-1.4,0.0,0.9,-0.63,2019-10-05 05:38:21
1166,0.9,246.0,-1.3,0.0,0.8,-0.61,2019-10-05 05:39:22
1167,0.9,245.8,-1.1,0.0,0.8,-0.58,2019-10-05 05:40:22
1168,0.9,245.7,-1.3,0.0,0.9,-0.59,2019-10-05 05:41:21
1169,0.9,245.1,1.0,0.0,0.8,-0.58,2019-10-05 05:42:22
1170,0.9,244.9,2.0,0.0,0.9,-0.55,2019-10-05 05:43:21
1171,0.9,244.9,1.1,0.0,0.9,-0.53,2019-10-05 05:44:22
1172,0.9,244.8,1.3,0.0,0.9,-0.51,2019-10-05 05:45:22
1173,0.9,245.6,1.3,0.0,0.9,-0.48,2019-10-05 05:46:23
1174,0.8,246.6,-1.5,0.0,0.8,-0.64,2019-10-05 05:47:21
1175,0.9,246.0,-1.3,0.0,0.8,-0.45,2019-10-05 05:48:22
1176,0.9,245.7,0.9,0.0,0.8,-0.43,2019-10-05 05:49:22
1177,0.9,245.4,1.0,0.0,0.8,-0.42,2019-10-05 05:50:21
1178,1.1,245.8,1.0,0.0,1.0,0.07,2019-10-05 05:51:22
1179,-1.1,245.4,1.1,0.0,1.0,0.09,2019-10-05 05:52:22
1180,-1.1,246.8,-1.8,0.0,1.0,0.1,2019-10-05 05:53:22
1181,-1.1,245.3,1.6,0.0,1.1,0.12,2019-10-05 05:54:21
1182,-1.1,244.8,1.3,0.0,1.1,0.14,2019-10-05 05:55:22
1183,0.8,245.0,-1.5,0.2,0.7,-0.41,2019-10-05 05:56:22
1184,0.8,244.8,0.8,0.0,0.7,-0.3,2019-10-05 05:57:22
1185,0.7,245.2,-1.1,0.0,0.7,-0.26,2019-10-05 05:58:21
1186,0.7,245.2,-1.0,0.0,0.7,-0.26,2019-10-05 05:59:22
1187,0.7,243.5,2.1,0.0,0.7,-0.25,2019-10-05 06:00:22
1188,0.7,244.1,1.5,0.0,0.6,-0.21,2019-10-05 06:01:21
1189,0.7,244.1,1.5,0.0,0.6,-0.17,2019-10-05 06:02:21
1190,0.7,244.8,0.6,0.0,0.6,-0.15,2019-10-05 06:03:22
1191,0.6,244.3,1.3,0.0,0.6,-0.12,2019-10-05 06:04:22
1192,0.6,244.8,-1.0,0.0,0.6,-0.07,2019-10-05 06:05:22
1193,0.6,245.1,1.0,0.0,0.6,-0.01,2019-10-05 06:06:22
1194,0.5,243.8,1.8,0.0,0.6,0.05,2019-10-05 06:07:22
1195,0.6,244.1,1.1,0.0,0.6,0.08,2019-10-05 06:08:22
1196,-0.6,244.4,-1.0,0.0,0.6,0.19,2019-10-05 06:09:21
1197,-0.5,245.5,-2.0,0.0,0.5,0.18,2019-10-05 06:10:22
1198,-0.5,244.2,1.0,0.0,0.5,0.25,2019-10-05 06:11:22
1199,-0.5,244.2,1.0,0.0,0.5,0.29,2019-10-05 06:12:22
1200,-1.1,244.6,-1.3,0.0,1.1,0.58,2019-10-05 06:13:21
1201,-1.1,244.5,1.0,0.0,1.1,0.63,2019-10-05 06:14:22
1202,-1.1,245.0,-1.1,0.0,1.1,0.65,2019-10-05 06:15:21
1203,-1.1,244.9,-1.0,0.0,1.1,0.69,2019-10-05 06:16:22
1204,-1.1,245.2,-1.0,0.0,1.1,0.71,2019-10-05 06:17:22
1205,-1.1,245.1,1.0,0.0,1.1,0.73,2019-10-05 06:18:22
1206,-1.1,244.4,1.5,0.0,1.1,0.75,2019-10-05 06:19:21
1207,-1.1,244.1,1.5,0.0,1.1,0.77,2019-10-05 06:20:22
1208,-1.2,245.0,-1.3,0.0,1.1,0.77,2019-10-05 06:21:22
1209,-1.2,245.1,1.1,0.0,1.1,0.78,2019-10-05 06:22:22
1210,-0.7,244.2,2.1,0.1,0.6,0.75,2019-10-05 06:23:22
1211,-0.7,244.7,0.8,0.0,0.7,0.81,2019-10-05 06:24:21
1212,-0.7,243.9,1.2,0.0,0.7,0.8,2019-10-05 06:25:21
1213,-0.8,243.7,1.4,0.0,0.7,0.81,2019-10-05 06:26:22
1214,-0.5,244.7,1.3,0.0,0.5,0.69,2019-10-05 06:27:22
1215,-0.8,244.8,1.1,0.0,0.8,0.86,2019-10-05 06:28:22
1216,-0.8,244.8,1.1,0.0,0.8,0.87,2019-10-05 06:29:22
1217,-0.9,244.6,1.6,0.0,0.9,0.89,2019-10-05 06:30:22
1218,-0.9,243.3,1.6,0.0,1.0,0.87,2019-10-05 06:31:21
1219,-0.9,245.9,-2.8,0.0,0.9,0.88,2019-10-05 06:32:22
1220,-1.0,245.8,-1.3,0.0,1.0,0.89,2019-10-05 06:33:22
1221,-1.0,246.2,-1.7,0.0,0.9,0.91,2019-10-05 06:34:21
1222,-1.0,245.3,1.3,0.0,1.0,0.91,2019-10-05 06:35:23
1223,-0.5,245.0,1.1,0.2,0.5,-0.89,2019-10-05 06:36:22
1224,-0.6,245.3,0.6,0.0,0.6,-0.9,2019-10-05 06:37:22
1225,-0.6,245.4,-1.3,0.0,0.6,-0.91,2019-10-05 06:38:22
1226,-1.0,246.1,-1.3,0.0,1.0,0.96,2019-10-05 06:39:21
1227,-1.1,245.7,0.7,0.0,1.0,0.96,2019-10-05 06:40:22
1228,-1.1,245.0,1.6,0.0,1.1,0.97,2019-10-05 06:41:22
1229,-1.1,245.8,-1.1,0.0,1.1,0.97,2019-10-05 06:42:23
1230,-1.2,244.3,2.1,0.0,1.1,0.97,2019-10-05 06:43:22
1231,-1.2,243.8,1.3,0.0,1.2,0.97,2019-10-05 06:44:22
1232,-1.2,245.0,-1.8,0.0,1.2,0.97,2019-10-05 06:45:22
1233,-1.3,245.5,1.0,0.0,1.2,0.97,2019-10-05 06:46:22
1234,-1.3,244.2,1.3,0.0,1.3,0.98,2019-10-05 06:47:22
1235,-1.3,244.9,-1.3,0.0,1.3,0.97,2019-10-05 06:48:22
1236,-1.4,244.3,1.1,0.0,1.4,0.98,2019-10-05 06:50:21
1237,-1.5,244.5,1.5,0.0,1.4,0.98,2019-10-05 06:51:22
1238,-1.5,244.4,1.0,0.0,1.5,0.99,2019-10-05 06:52:22
1239,-1.5,244.9,1.3,0.0,1.5,0.98,2019-10-05 06:53:22
1240,-1.6,244.0,1.4,0.0,1.5,0.98,2019-10-05 06:54:22
1241,-1.6,244.1,1.3,0.0,1.6,0.98,2019-10-05 06:55:22
1242,-1.6,244.2,1.1,0.0,1.6,0.99,2019-10-05 06:56:22
1243,-1.7,243.8,1.6,0.0,1.6,0.99,2019-10-05 06:57:22
1244,-1.7,243.3,1.6,0.0,1.7,0.99,2019-10-05 06:58:22
1245,-1.8,243.9,1.0,0.0,1.7,0.99,2019-10-05 06:59:21
1246,-1.8,243.9,1.2,0.0,1.7,0.99,2019-10-05 07:00:22
1247,-2.4,243.5,1.8,0.7,2.3,0.97,2019-10-05 07:01:22
1248,-2.4,242.0,3.3,0.0,2.3,0.97,2019-10-05 07:02:22
1249,-2.4,242.2,1.6,0.0,2.3,0.98,2019-10-05 07:03:22
1250,-2.4,243.1,-1.0,0.0,2.4,0.98,2019-10-05 07:04:22
1251,-2.5,242.7,1.2,0.0,2.4,0.97,2019-10-05 07:05:22
1252,-2.4,242.8,1.3,0.0,2.3,0.97,2019-10-05 07:06:22
1253,-2.4,242.7,1.2,0.0,2.3,0.98,2019-10-05 07:07:22
1254,-2.5,242.0,2.1,0.0,2.4,0.97,2019-10-05 07:08:21
1255,-2.5,243.2,1.1,0.0,2.4,0.97,2019-10-05 07:09:21
1256,-2.5,243.9,-2.0,0.0,2.4,0.98,2019-10-05 07:10:22
1257,-2.6,242.3,2.0,0.0,2.5,0.97,2019-10-05 07:11:21
1258,-2.6,242.3,1.8,0.0,2.5,0.97,2019-10-05 07:12:22
1259,-2.1,242.2,1.4,0.0,2.0,0.99,2019-10-05 07:13:22
1260,-2.2,242.1,1.0,0.0,2.1,0.99,2019-10-05 07:14:22
1261,-2.2,241.7,2.2,0.0,2.2,0.99,2019-10-05 07:15:22
1262,-2.3,241.6,1.1,0.0,2.2,0.99,2019-10-05 07:16:22
1263,6.7,240.4,2.5,1.1,6.7,-0.99,2019-10-05 07:17:22
1264,6.7,240.6,1.3,0.0,6.7,-0.99,2019-10-05 07:18:22
1265,6.6,239.3,3.1,0.0,6.6,-0.99,2019-10-05 07:19:21
1266,-2.4,241.3,-2.3,0.4,2.3,0.99,2019-10-05 07:20:22
1267,-2.4,241.2,1.9,0.0,2.4,0.99,2019-10-05 07:21:22
1268,-2.4,242.0,1.6,0.0,2.4,0.99,2019-10-05 07:22:22
1269,-1.9,242.3,1.1,0.0,1.9,-0.98,2019-10-05 07:23:23
1270,-2.0,242.2,0.9,0.0,2.0,-0.98,2019-10-05 07:24:22
1271,-2.0,243.3,-2.1,0.0,2.0,-0.98,2019-10-05 07:25:22
1272,-2.0,244.4,-1.5,0.0,2.0,-0.98,2019-10-05 07:26:22
1273,-2.0,243.9,1.0,0.0,2.0,-0.98,2019-10-05 07:27:22
1274,-2.0,243.9,-1.5,0.0,2.1,-0.98,2019-10-05 07:28:22
1275,-2.5,244.4,-1.3,0.0,2.5,-0.99,2019-10-05 07:29:21
1276,-2.5,244.0,1.0,0.0,2.5,0.99,2019-10-05 07:30:22
1277,-2.6,245.0,-1.8,0.0,2.6,-0.99,2019-10-05 07:31:22
1278,-2.6,244.8,-1.1,0.0,2.6,0.99,2019-10-05 07:32:23
1279,-2.6,245.2,1.1,0.0,2.6,-0.99,2019-10-05 07:33:22
1280,-2.7,244.8,0.8,0.0,2.6,-0.99,2019-10-05 07:34:22
1281,-2.7,242.7,3.5,0.0,2.7,-0.99,2019-10-05 07:35:22
1282,-2.7,244.9,-1.8,0.0,2.7,-0.99,2019-10-05 07:36:22
1283,-2.7,244.2,-1.1,0.0,2.7,-0.99,2019-10-05 07:37:23
1284,-2.8,243.8,1.0,0.0,2.8,-0.99,2019-10-05 07:38:21
1285,-2.8,243.6,-1.1,0.0,2.8,0.99,2019-10-05 07:39:22
1286,-2.8,243.8,-2.5,0.0,2.8,0.99,2019-10-05 07:40:22
1287,-2.8,243.1,1.0,0.0,2.9,0.99,2019-10-05 07:41:22
1288,-2.9,243.7,-1.2,0.0,2.9,-0.99,2019-10-05 07:42:21
1289,-2.9,242.9,1.5,0.0,2.9,-0.99,2019-10-05 07:43:22
1290,-2.9,243.8,-1.1,0.0,2.9,0.99,2019-10-05 07:44:21
1291,-3.0,242.9,1.1,0.0,3.0,0.99,2019-10-05 07:45:22
1292,-3.5,243.1,1.0,0.0,3.5,0.99,2019-10-05 07:46:22
1293,-3.5,242.3,1.8,0.0,3.5,0.99,2019-10-05 07:47:22
1294,-3.6,243.4,1.2,0.0,3.5,0.99,2019-10-05 07:48:22
1295,-3.6,244.2,-1.5,0.0,3.5,0.99,2019-10-05 07:49:21
1296,-3.6,243.8,1.1,0.0,3.6,0.99,2019-10-05 07:50:22
1297,-3.6,243.9,0.7,0.0,3.6,0.99,2019-10-05 07:51:22
1298,-3.6,244.0,1.1,0.0,3.6,0.99,2019-10-05 07:52:22
1299,-3.6,243.8,-1.3,0.0,3.6,0.99,2019-10-05 07:53:22
1300,-3.7,241.6,2.8,0.0,3.7,0.99,2019-10-05 07:54:22
1301,-3.7,242.2,1.2,0.0,3.7,0.99,2019-10-05 07:55:21
1302,-3.8,242.0,1.6,0.0,3.7,0.99,2019-10-05 07:56:22
1303,-3.8,242.4,1.0,0.0,3.7,0.99,2019-10-05 07:57:22
1304,-3.8,242.7,-1.6,0.0,3.7,0.99,2019-10-05 07:58:22
1305,-3.8,242.9,-1.5,0.0,3.8,0.99,2019-10-05 07:59:21
1306,-3.9,242.5,1.6,0.0,3.8,0.99,2019-10-05 08:00:21
1307,-3.4,240.9,2.0,0.0,3.4,0.99,2019-10-05 08:01:21
1308,-3.4,241.4,1.1,0.0,3.4,0.99,2019-10-05 08:02:22
1309,-3.4,242.5,1.3,0.0,3.4,-0.99,2019-10-05 08:03:21
1310,-3.5,241.7,1.2,0.0,3.4,0.99,2019-10-05 08:04:21
1311,-3.5,242.0,1.5,0.0,3.5,-0.99,2019-10-05 08:05:23
1312,-3.5,242.5,-1.0,0.0,3.5,0.99,2019-10-05 08:06:22
1313,6.0,240.7,2.2,0.4,6.0,0.99,2019-10-05 08:07:22
1314,-3.1,245.0,-6.0,1.1,3.0,-0.98,2019-10-05 08:08:22
1315,-3.1,244.6,1.5,0.0,3.1,-0.98,2019-10-05 08:09:22
1316,-3.1,244.6,0.5,0.0,3.1,-0.99,2019-10-05 08:10:23
1317,-3.2,243.5,1.8,0.0,3.1,-0.99,2019-10-05 08:11:22
1318,-3.2,242.8,1.8,0.0,3.1,-0.98,2019-10-05 08:12:22
1319,-3.2,244.6,-1.9,0.0,3.1,-0.98,2019-10-05 08:13:22
1320,-3.2,244.5,-1.0,0.0,3.1,-0.98,2019-10-05 08:14:22
1321,-3.2,244.1,1.3,0.0,3.1,-0.98,2019-10-05 08:15:22
1322,-3.2,243.8,1.3,0.0,3.1,-0.98,2019-10-05 08:16:22
1323,-3.2,244.6,-2.5,0.0,3.2,-0.99,2019-10-05 08:17:21
1324,-3.7,244.1,1.1,0.0,3.6,-0.99,2019-10-05 08:18:21
1325,-3.7,243.3,1.5,0.0,3.7,-0.99,2019-10-05 08:19:22
1326,-3.8,243.0,1.0,0.0,3.7,0.99,2019-10-05 08:20:22
1327,-3.8,242.2,1.8,0.0,3.8,-0.99,2019-10-05 08:21:23
1328,-3.8,242.9,1.6,0.0,3.7,-0.99,2019-10-05 08:22:22
1329,-3.8,243.4,-1.2,0.0,3.8,-0.99,2019-10-05 08:23:21
1330,-3.9,243.0,1.1,0.0,3.8,-0.99,2019-10-05 08:24:22
1331,-3.9,243.6,-3.0,0.0,3.8,0.99,2019-10-05 08:25:22
1332,-3.9,243.9,-1.5,0.0,3.9,-0.99,2019-10-05 08:26:23
1333,-3.9,244.8,-1.8,0.0,3.9,0.99,2019-10-05 08:27:22
1334,-3.9,243.6,2.0,0.0,3.9,-0.99,2019-10-05 08:28:22
1335,-4.0,242.7,2.0,0.0,4.0,-0.99,2019-10-05 08:29:23
1336,-4.0,242.9,1.5,0.0,4.0,-0.99,2019-10-05 08:30:22
1337,-4.5,243.4,-1.1,0.0,4.5,0.99,2019-10-05 08:31:22
1338,-4.4,242.9,0.8,0.0,4.4,0.99,2019-10-05 08:32:22
1339,-4.5,243.2,-1.6,0.0,4.5,0.99,2019-10-05 08:33:22
1340,-4.5,242.6,-1.1,0.0,4.5,0.99,2019-10-05 08:34:23
1341,-4.5,243.7,-2.1,0.0,4.5,0.99,2019-10-05 08:35:22
1342,-4.6,242.7,1.5,0.0,4.6,0.99,2019-10-05 08:36:22
1343,-4.6,243.2,1.1,0.0,4.5,0.99,2019-10-05 08:37:22
1344,-4.6,243.1,0.8,0.0,4.6,0.99,2019-10-05 08:38:21
1345,-4.6,242.8,0.8,0.0,4.6,0.99,2019-10-05 08:39:22
1346,-4.7,242.0,1.6,0.0,4.6,0.99,2019-10-05 08:40:22
1347,-4.7,241.8,0.8,0.0,4.7,0.99,2019-10-05 08:41:22
1348,-4.7,240.9,2.0,0.0,4.7,0.99,2019-10-05 08:42:22
1349,-4.8,239.7,2.3,0.0,4.8,0.99,2019-10-05 08:43:22
1350,-4.8,241.9,-3.1,0.0,4.7,0.99,2019-10-05 08:44:22
1351,-4.8,240.9,2.1,0.0,4.8,0.99,2019-10-05 08:45:22
1352,-4.8,243.0,-1.8,0.0,4.7,0.99,2019-10-05 08:46:21
1353,-4.8,241.5,2.0,0.0,4.7,0.99,2019-10-05 08:47:23
1354,-4.8,241.7,1.0,0.0,4.8,0.99,2019-10-05 08:48:21
1355,-4.8,241.5,1.1,0.0,4.8,0.99,2019-10-05 08:50:21
1356,-3.7,245.2,-3.8,0.0,3.7,-0.99,2019-10-05 08:51:22
1357,-3.9,243.9,1.7,0.0,3.8,-0.99,2019-10-05 08:52:22
1358,-3.9,244.4,-1.8,0.0,3.9,-0.99,2019-10-05 08:53:22
1359,-3.9,244.2,1.4,0.0,3.9,-0.99,2019-10-05 08:54:22
1360,-4.0,244.3,1.1,0.0,3.9,-0.99,2019-10-05 08:55:23
1361,-4.0,244.5,-1.3,0.0,3.9,-0.98,2019-10-05 08:56:22
1362,-4.0,244.3,1.1,0.0,3.9,-0.99,2019-10-05 08:57:22
1363,-4.0,245.0,-1.3,0.0,3.9,-0.99,2019-10-05 08:58:22
1364,-4.0,245.1,1.0,0.0,3.9,-0.99,2019-10-05 08:59:22
1365,-4.0,245.1,1.3,0.0,4.0,-0.98,2019-10-05 09:00:22
1366,-4.0,246.5,-2.0,0.0,3.9,-0.99,2019-10-05 09:01:22
1367,-4.0,245.2,1.6,0.0,4.0,-0.99,2019-10-05 09:02:21
1368,-4.1,244.8,1.6,0.0,4.0,-0.98,2019-10-05 09:03:22
1369,-4.1,245.8,1.1,0.0,4.0,-0.98,2019-10-05 09:04:22
1370,-4.0,245.6,1.0,0.0,4.0,-0.99,2019-10-05 09:05:22
1371,-4.2,245.2,1.1,0.0,4.1,-0.98,2019-10-05 09:06:22
1372,-4.6,245.7,-1.3,0.0,4.5,-0.99,2019-10-05 09:07:22
1373,-4.7,245.8,0.8,0.0,4.6,-0.99,2019-10-05 09:08:22
1374,-4.6,246.7,-1.3,0.0,4.5,-0.99,2019-10-05 09:09:22
1375,-4.7,246.2,-1.0,0.0,4.6,-0.99,2019-10-05 09:10:22
1376,4.5,244.2,2.7,0.0,4.5,0.99,2019-10-05 09:11:21
1377,4.5,243.8,2.0,0.0,4.5,0.99,2019-10-05 09:12:21
1378,4.5,245.2,1.0,0.0,4.6,0.99,2019-10-05 09:13:21
1379,-4.7,246.6,-2.0,0.0,4.5,-0.99,2019-10-05 09:14:21
1380,-4.7,247.0,-1.5,0.0,4.5,-0.99,2019-10-05 09:15:21
1381,-4.7,246.7,0.9,0.0,4.6,-0.99,2019-10-05 09:16:21
1382,-5.2,246.3,1.3,0.0,5.1,0.99,2019-10-05 09:17:23
1383,-5.2,246.3,-1.0,0.0,5.1,0.99,2019-10-05 09:18:22
1384,-5.2,245.2,1.7,0.0,5.1,0.99,2019-10-05 09:19:22
1385,-5.2,245.0,1.9,0.0,5.2,0.99,2019-10-05 09:20:22
1386,-5.2,244.7,1.2,0.0,5.2,0.99,2019-10-05 09:21:22
1387,-5.2,246.0,1.4,0.0,5.1,0.99,2019-10-05 09:22:22
1388,-5.2,244.5,2.9,0.0,5.2,0.99,2019-10-05 09:23:22
1389,-5.2,246.0,-1.5,0.0,5.1,0.99,2019-10-05 09:24:22
1390,-5.3,245.5,1.4,0.0,5.2,0.99,2019-10-05 09:25:22
1391,-4.8,244.9,1.5,0.0,4.8,0.99,2019-10-05 09:26:21
1392,3.6,242.2,3.4,0.0,3.6,0.71,2019-10-05 09:27:21
1393,3.3,243.2,1.1,0.0,3.3,0.71,2019-10-05 09:28:21
1394,3.1,243.0,1.6,0.0,3.1,0.71,2019-10-05 09:29:22
1395,-4.9,245.4,-2.9,0.0,4.9,-0.99,2019-10-05 09:30:22
1396,-5.0,245.2,1.2,0.0,4.9,-0.99,2019-10-05 09:31:22
1397,-4.9,244.5,1.8,0.0,4.9,0.99,2019-10-05 09:32:22
1398,-5.0,244.9,1.2,0.0,4.9,-0.99,2019-10-05 09:33:22
1399,2.6,244.3,1.1,0.0,2.6,0.66,2019-10-05 09:34:22
1400,2.3,243.3,1.5,0.0,2.3,0.69,2019-10-05 09:35:22
1401,-5.1,245.5,-2.5,0.0,5.1,0.99,2019-10-05 09:36:22
1402,-4.6,246.3,-2.5,0.0,4.5,-0.99,2019-10-05 09:37:22
1403,2.6,244.7,1.9,0.0,2.6,0.65,2019-10-05 09:38:22
1404,2.5,244.7,-1.0,0.0,2.5,0.67,2019-10-05 09:39:23
1405,2.3,244.7,-1.5,0.0,2.2,0.68,2019-10-05 09:40:21
1406,-5.4,246.1,-3.0,0.0,5.3,-0.99,2019-10-05 09:41:22
1407,-3.5,244.5,1.4,0.0,3.4,-0.99,2019-10-05 09:42:22
1408,-3.9,245.3,1.3,0.0,3.8,-0.99,2019-10-05 09:43:21
1409,-3.7,243.7,1.8,0.0,3.7,-0.99,2019-10-05 09:44:21
1410,-4.3,244.4,1.0,0.0,4.2,-0.99,2019-10-05 09:45:22
1411,-4.4,243.9,2.0,0.0,4.3,-0.99,2019-10-05 09:46:23
1412,-4.4,243.7,1.4,0.0,4.4,-0.99,2019-10-05 09:47:22
1413,-4.1,244.7,-1.0,0.0,4.1,-0.99,2019-10-05 09:48:22
1414,-3.8,244.6,1.5,0.0,3.7,-0.99,2019-10-05 09:49:22
1415,-3.2,243.9,1.8,0.0,3.1,-0.99,2019-10-05 09:50:22
1416,-3.0,244.3,0.6,0.0,3.0,-0.99,2019-10-05 09:51:21
1417,-3.6,244.4,0.8,0.0,3.6,-0.99,2019-10-05 09:52:21
1418,-2.6,243.9,1.1,0.0,2.6,-0.99,2019-10-05 09:53:23
1419,-3.1,244.3,0.8,0.0,3.1,-0.99,2019-10-05 09:54:23
1420,-1.3,243.6,1.3,0.0,1.4,0.96,2019-10-05 09:55:21
1421,-3.5,244.5,1.3,0.0,3.5,-0.99,2019-10-05 09:56:22
1422,-4.0,245.5,-1.3,0.0,4.0,0.99,2019-10-05 09:57:21
1423,-3.9,245.6,-1.1,0.0,3.9,0.99,2019-10-05 09:58:21
1424,-3.8,245.8,-1.0,0.0,3.8,0.99,2019-10-05 09:59:21
